Conte√∫do,T√≠tulo do v√≠deo,Hor√°rio de publica√ß√£o do v√≠deo,Dura√ß√£o,Dura√ß√£o m√©dia da visualiza√ß√£o,Visualiza√ß√µes,Tempo de exibi√ß√£o (horas),Inscritos,Impress√µes,Taxa de cliques de impress√µes (%)
Total,,,,0:02:12,2126480,"71713,9755",19173,20770784,"6,14"
_AdS19QwGLo,COMO CRIAR UM JOGO NO ROBLOX NO CELULAR!!! - Studio Lite,"Jan 6, 2025",984,0:03:40,194752,"11907,8258",3568,1754209,"7,68"
ULgJ3c2GHHM,COMO USAR A GODOT ENGINE NO CELULAR - 2024,"Apr 8, 2024",2068,0:04:55,41360,"3389,9757",414,233099,"11,98"
pfZETGMbMtI,COMO CRIAR UM JOGO NO CELULAR - 2022,"Aug 1, 2022",821,0:02:36,55364,"2402,712",619,157407,"20,58"
15S9i-GT-Go,COMO USAR O TERMUX | Comandos b√°sicos - 2023,"Nov 23, 2023",742,0:02:57,38310,"1894,0814",470,191185,"13,05"
_qCBtNvkr2c,COMO CRIAR GAMEPASS NO STUDIO LITE!!!,"May 29, 2025",1047,0:02:56,33084,"1617,5243",413,315177,"7,71"
CIwaSG7LTBM,COMO CRIAR UM JOGO NO CELULAR | COMO CRIAR UM JOGO NO MAX2D!!!,"Mar 20, 2023",769,0:03:18,27544,"1521,9694",341,315262,"6,25"
cylU8U_gKmY,COMO CRIAR UM PLAYER 3D NA GODOT MOBILE!!! #01,"Mar 4, 2024",1782,0:05:13,15457,"1347,9005",155,113241,"7,84"
L2dN9rowon4,OFICIAL! NOVO EDITOR DE ANIMA√á√ïES DO STUDIO LITE,"Nov 17, 2025",1460,0:04:29,17698,"1326,5494",437,233395,"5,42"
phk30MfmEos,COMO INSTALAR O LINUX NO CELULAR!!!,"May 26, 2025",1311,0:03:14,24581,"1325,3498",280,136633,"11,72"
M9eMBvLW-n4,COMO PERSONALIZAR SEU JOGO NO ROBLOX PELO CELULAR!!! - Studio Lite,"Jan 9, 2025",777,0:02:45,28484,"1308,7931",318,275668,"6,36"
kRNIiPv4Bq4,COMO MODELAR E FAZER ANIMA√á√ïES NO PRISMA 3D | COMO USAR O PRISMA 3D NO CELULAR - Prisma 3D Tutorial,"Mar 17, 2022",708,0:02:05,36316,"1269,1056",295,277886,"10,45"
YgDuszvkzgk,QUANTO GASTEI PARA PUBLICAR UM JOGO NA PLAY STORE? #shorts #playstore #jogos,"Mar 21, 2023",52,0:00:38,152323,"1155,772",450,1228277,"5,19"
n36j9Sxp2Ro,COMO CRIAR UM JOGO NO STUDIO LITE | COMO IMPORTAR MODELOS #02,"Apr 3, 2025",635,0:02:05,32873,"1149,944",380,296266,"7,72"
1B6CQeWi7B4,COMO PROGRAMAR PELO CELULAR EM 2023 | APRENDA A PROGRAMAR DO ZERO PELO CELULAR!!!,"Jun 19, 2023",925,0:03:00,21903,"1096,1903",387,167751,"9,84"
D6JoUVgKyz4,COMO PROGRAMAR PELO CELULAR EM 2024 E 2025 | APRENDA A PROGRAMAR DO ZERO PELO CELULAR!!!,"Dec 2, 2024",1032,0:02:47,23478,"1095,3526",551,144576,"11,82"
D1fTnY5uE8I,COMO CRIAR UM PLAYER EM PRIMEIRA PESSOA NA GODOT MOBILE!!! #01,"Oct 21, 2024",1746,0:04:21,12549,"912,2341",111,99417,"7,99"
CUzCu4Lw10s,COMO CRIAR UM JOGO NO CELULAR E PUBLICAR NA PLAY STORE,"Apr 12, 2021",634,0:01:49,27731,"845,8277",420,180706,"13,06"
v4HKxmJB6vM,COMO PUBLICAR SEU JOGO DO STUDIO LITE NO ROBLOX!!!,"Nov 10, 2025",685,0:03:07,16248,"844,7538",198,122493,"9,94"
GIorllQwZ3Q,COMO CRIAR JOGOS JUNTO COM AMIGOS NO STUDIO LITE!!! - Team Create,"Jun 2, 2025",556,0:02:19,20407,"791,6497",262,208454,"7,3"
SMpaC6mmV4g,COMO COLOCAR HD ADMIN NO STUDIO LITE!!!,"Apr 14, 2025",649,0:01:58,23592,"775,5447",234,203760,"7,38"
QXxARmsEC2w,COMO CRIAR UM JOGO NO STUDIO LITE | SISTEMA DE ARMAS ATIRANDO #03,"Apr 7, 2025",979,0:02:26,17630,"716,3437",187,188572,"6,88"
rWjgJhVw2so,COMO CRIAR UM JOGO NO STUDIO LITE | TELA DE MENU #04,"Apr 10, 2025",1119,0:03:33,11476,"680,8234",101,145920,"5,31"
prHv3l3GLnM,COMO CRIAR JOGOS PELO CELULAR | TOP 6 APPS DE 2024!!!,"Sep 30, 2024",702,0:02:12,17945,"662,2468",202,176930,"7,35"
tvu0lIUZFxU,COMO CRIAR SUAS PR√ìPRIAS ANIMA√á√ïES NO STUDIO LITE!!!,"Oct 20, 2025",1155,0:02:30,15576,"649,0667",148,159706,"7,33"
uRy2cze7XPI,COMO CRIAR UM PLAYER 3D NA GODOT MOBILE | ADICIONANDO JOYSTICK E C√ÇMERA 3D #02,"Mar 11, 2024",2222,0:04:50,7900,"637,2728",34,53942,"9,09"
JPXnhK9FBiY,COMO CRIAR UM JOGO NO ROBLOX PELO CELULAR - 2022,"Aug 18, 2022",818,0:01:59,18246,"605,3921",111,56937,"5,9"
QUNNUO7psY8,COMO CRIAR UM JOGO NO GODOT ENGINE PELO CELULAR | COMO CRIAR MENU NO GODOT - Godot Tutorial,"Dec 1, 2022",661,0:02:24,14744,"592,1014",109,177751,"6,34"
dg7e8-kzhJ0,4 APLICATIVOS PARA CRIAR JOGOS PELO CELULAR EM 2025!!! #shorts,"Jan 3, 2025",119,0:00:47,53942,"570,864",368,260356,"8,25"
bvWjQOIWM40,COMO CRIAR UMA ANIMA√á√ÉO DE ANDAR NO NOVO EDITOR DO STUDIO LITE!!!,"Dec 15, 2025",1074,0:03:42,9150,"565,5507",132,106327,"5,96"
sJC_kN7o0yQ,COMO USAR A ITS MAGIC ENGINE - 2023,"Jan 16, 2023",1192,0:03:10,10708,"565,4161",82,77932,"8,43"
HBB02VWXoS8,MELHORES APLICATIVOS PARA CRIAR JOGOS NO CELULAR USANDO PROGRAMA√á√ÉO 2022!!!,"Jan 3, 2022",556,0:01:34,20599,"539,0399",193,118659,"10,69"
YHQSSJDou18,COMO CRIAR ANIMA√á√ïES NO STUDIO LITE!!!,"Jul 7, 2025",643,0:02:02,14952,"507,4552",142,180543,"6,29"
XSJKUq5B3cg,COMO CRIAR UM MENU NA GODOT ENGINE PELO CELULAR!!!,"Jul 8, 2024",986,0:02:57,8803,"433,5124",73,107657,"5,62"
P5HDR88cxic,COMO CRIAR UM JOGO NO STUDIO LITE | C√ÇMERA EM PRIMEIRA PESSOA #01,"Mar 31, 2025",704,0:02:27,10235,"420,0982",111,96860,"6,19"
QzWTS-VdhtE,MELHORES APLICATIVOS PARA CRIAR MODELOS 3D PELO CELULAR!!!,"May 8, 2023",641,0:01:37,15111,"411,1973",95,115633,"8,72"
9HAfagrwbIM,COMO CRIAR UMA CONTA NO MEDIAFIRE E COLOCAR SEUS JOGOS | COMO USAR O MEDIAFIRE!!!,"Oct 5, 2023",389,0:01:15,19454,"405,5013",129,71658,"18,14"
aH1LZwck0Bc,COMO CRIAR UM JOGO NO CELULAR | COMO CRIAR UM JOGO PELO IT'S MAGIC - Tutorial Its Magic Engine,"Apr 19, 2021",573,0:02:14,10426,"388,1984",79,47014,"14,26"
ZGzCXLEDLs8,TODOS OS APLICATIVOS QUE USO PARA PROGRAMAR PELO CELULAR!!!,"Apr 15, 2024",858,0:02:17,9860,"377,7239",159,62411,"10,09"
rzF6TDwhojk,COMO CRIAR UM LOBBY NO STUDIO LITE!!!,"May 8, 2025",816,0:02:35,8633,"372,7269",59,100615,"6,39"
IJZlDpqhcvA,VALE A PENA USAR O STUDIO LITE PARA CRIAR JOGOS NO ROBLOX PELO CELULAR?,"Jun 30, 2025",825,0:02:26,8892,"360,801",58,134536,"5,11"
hpO1oDOIlLc,COMO CRIAR UM JOGO NO CELULAR | CRIANDO UM JOGO NO GAME CREATOR - CRIE JOGOS SEM PROGRAMAR,"Dec 22, 2020",807,0:02:52,7483,"358,4555",54,161953,"3,44"
yqh101JuMkI,COMO ATUALIZAR SEU JOGO NO ROBLOX PELO CELULAR!!!,"Feb 6, 2025",577,0:02:07,9564,"339,6354",81,117787,"5,34"
Uqf6UojdcLY,O NOVO JEITO DE CRIAR JOGOS PELO CELULAR EM 2026!!!,"Jan 1, 2026",638,0:02:16,8913,"338,4903",131,118052,"5,87"
qQ5Cffbz0XU,3 JOGOS CRIADOS NO ROBLOX PELO CELULAR!!! - Studio Lite,"Mar 10, 2025",488,0:01:40,12039,"336,4168",63,135777,"7,26"
xejfUrQ5Bxc,COMO CRIAR UM JOGO MULTIPLAYER NO CELULAR - 2022,"Oct 31, 2022",881,0:02:41,7374,"329,8767",61,93487,"6,51"
EclR2f0kiXI,üí• BLENDER AGORA TEM VERS√ÉO MOBILE!!! | TESTEI NO CELULAR!,"Jul 21, 2025",865,0:01:29,13090,"325,482",102,102928,"8,87"
wiaZwwjzSbM,QUANTO A PLAY STORE PAGA POR DOWNLOAD? #shorts #playstore #googleplay,"Mar 29, 2023",56,0:00:43,42317,"320,3495",78,289938,"5,65"
kStrTjfFAJY,COMO USAR O VISUAL SCRIPT DA GODOT ENGINE!!!,"Sep 2, 2024",1537,0:03:31,5239,"308,0241",32,66657,"5,62"
qYX4J3S-3Mk,COMO CRIAR ANIMA√á√ïES NO MIXAMO E IMPORTAR PARA GODOT MOBILE!!!,"Jun 23, 2025",1794,0:03:22,5311,"298,0621",30,105512,"3,58"
mdAB7k3IyCg,COMO CRIAR UM JOGO NO MAX2D | TUTORIAL DE PULO NO MAX2D!!!,"Nov 27, 2023",705,0:03:21,5206,"290,9544",46,43815,"7,48"
yxPQyoAPLFw,COMO CRIAR UM JOGO 3D NO CELULAR | CRIANDO UM JOGO NO 3D MAP - 3D MAP CONSTRUCTOR,"Sep 27, 2021",602,0:02:10,7991,"290,7542",58,131326,"4,87"
1DYil25t7Ys,COMO EXECUTAR QUALQUER ANIMA√á√ÉO COM BOT√ÉO NO STUDIO LITE!!!,"Dec 18, 2025",721,0:02:26,7165,"290,7326",105,84065,"6,64"
ISIi5tXi7AM,COMO USAR A GDEVELOP ANDROID - 2023,"Apr 17, 2023",781,0:02:42,6369,"286,9914",70,45471,"11,67"
ro6EhDVngG8,MELHORES APLICATIVOS PARA CRIAR MODELOS 3D PELO CELULAR!!!,"Dec 16, 2024",664,0:01:38,10389,"282,8948",61,72976,"10,33"
02Ubi1UdUIU,COMO CRIAR UM JOGO NO CELULAR E PUBLICAR NA PLAY STORE - ATUALIZADO 2022,"Aug 8, 2022",872,0:01:33,10322,"267,2361",119,28140,"8,54"
AZj_eu7tXfU,COMO CRIAR UM NPC QUE SE MOVE SOZINHO NO STUDIO LITE!!!,"Aug 7, 2025",780,0:02:19,6771,"262,9608",68,93577,"5,32"
S24uUDQLLnE,COMO EXPORTAR SEU JOGO EM APK PELA GODOT MOBILE!!! - ATUALIZADO 2025,"May 5, 2025",795,0:02:25,6389,"258,0934",35,107097,"4,22"
nWvsw37RjyM,PROJECT IDX! O VSCODE PARA CELULAR!!!,"Jan 13, 2025",765,0:02:00,7158,"239,0858",69,46854,"11,45"
mwq36zVA9n8,COMO COLOCAR HD ADMIN NO STUDIO LITE!!! #shorts #roblox,"Apr 18, 2025",94,0:00:44,30327,"229,9987",179,179322,"5,09"
BkeSCztgbOw,COMO CRIAR UM JOGO NO CELULAR | COMO CRIAR UM JOGO NO I'TS MAGIC - ITsMagic Engine Tutorial #1,"Mar 7, 2022",569,0:01:58,6718,"220,4148",63,56657,"8,06"
TrH8tLvnvps,COMO CRIAR UM JOGO EM PYTHON PELO CELULAR OU COMPUTADOR!!!,"Jun 26, 2023",1070,0:02:05,6227,"217,8426",57,54035,"8,94"
-L4CylT8V-M,COMO CRIAR UM PLAYER 3D NA GODOT MOBILE | IMPORTANDO MODELOS E TROCANDO O PLAYER #03,"Mar 18, 2024",1484,0:03:44,3465,"215,6638",13,35797,"6,28"
gwsnPtVTOx8,A NOVA VERS√ÉO DO NEWCATROID EST√Å INSANA! MUITAS FUN√á√ïES NOVAS! - 2.1.1b2,"Nov 27, 2025",483,0:01:40,7515,"210,4266",82,93473,"5,84"
uXZ7bQnbLig,COMO USAR O CCODE - 2024,"May 2, 2024",823,0:03:36,3490,"209,8404",36,30723,"8,37"
UXp4qEKXEfc,COMO ACESSAR ARQUIVOS DO CELULAR PELO TERMUX!!!,"Jan 4, 2024",683,0:02:22,5074,"200,9841",78,35803,"8,54"
-8Sh1Y1YVLk,COMO USAR O TERMUX - B√°sico #shorts,"Dec 22, 2023",58,0:00:39,25055,"198,995",170,171654,"6,92"
BVn2PKZp7Dg,COMO CRIAR UM JOGO 3D NO GODOT ENGINE PELO CELULAR | IMPORTAR MODELOS E F√çSICA #2 -Godot Tutorial 3D,"Dec 8, 2022",878,0:01:58,5962,"195,453",29,52097,"8,46"
U0flJcbsEaY,COMO COLOCAR M√öSICAS E EFEITOS SONOROS NO STUDIO LITE!!!,"Jun 5, 2025",615,0:02:06,5539,"195,1626",30,91255,"4,41"
-_yRG60Okrg,COMO REMOVER DIREITOS AUTORAIS DE UMA M√öSICA E COMO TIRAR DIREITOS AUTORAIS DE UM V√çDEO - 2020,"Dec 14, 2020",857,0:02:10,5289,"191,9861",31,16504,"10,26"
HViW7x3Uow8,COMO PUBLICAR UM JOGO NO ITCH.IO - 2024,"Apr 22, 2024",1127,0:03:36,3176,"190,8411",21,30583,"6,84"
GiRQyqflvDQ,COMO CRIAR UM APLICATIVO PELO CELULAR (Sem saber programar),"Oct 19, 2020",756,0:01:38,6696,"182,6737",111,37376,"10,2"
MHa6QrD50oQ,TESTEI O NEWCATROID! O MELHOR MOD DO POCKET CODE!!!,"Oct 9, 2025",530,0:01:37,6523,"175,8383",32,69284,"6,86"
7B21TFCg9pM,APLICATIVO PARA PROGRAMAR EM PYTHON PELO CELULAR!,"Aug 7, 2023",39,0:00:29,31113,"173,3734",69,200275,"6,99"
Du8HfptojA4,COMO CRIAR UM PLAYER EM 1¬∞ PESSOA DO ZERO EM JAVA NA IT'S MAGIC ENGINE | MOVIMENTA√á√ÉO DO PLAYER #1,"Sep 5, 2022",903,0:02:34,3987,"171,2624",23,30079,"8,97"
AZremgzmXrE,"üëâ WEBSIM! UM SITE QUE USA I.A PARA CRIAR JOGOS, APLICATIVOS E SITES","Jul 3, 2025",699,0:02:37,3877,"169,7101",35,61313,"4,79"
V1UkSkBdRsg,COMO CRIAR UM SPAWN DE ZOMBIE NO STUDIO LITE,"Jun 12, 2025",425,0:02:07,4771,"169,2917",38,73779,"4,71"
LwPxonVfFD8,COMO CRIAR UM MINECRAFT PELO CELULAR!!! #gamedev #shorts #minecraftshorts #minecraft,"Jan 13, 2023",59,0:00:35,23438,"165,3093",174,132513,"6,39"
2df8sVzaneA,COMO USAR O CHATGPT PARA CRIAR JOGOS NA IT'S MAGIC ENGINE!!!,"Aug 17, 2023",724,0:02:59,3282,"163,6786",33,37826,"6,94"
HclcKdVimQE,üí≤ QUANTO A PLAY STORE PAGA POR DOWNLOAD? (em jogos e aplicativos),"Mar 27, 2023",511,0:02:15,4333,"163,3415",32,28516,"8,8"
0fupylxSYc0,COMO CRIAR UM SITE EM HTML E CSS PELO CELULAR!!! | ATIVIDADE DA FACULDADE,"Oct 2, 2023",1002,0:02:11,4393,"160,3776",65,33099,"8,95"
WsJ0YHx8Igo,COMO CRIAR PIXEL ART NO CELULAR | COMO FAZER PIXEL ART NO CELULAR - Pixel Studio Tutorial,"May 4, 2023",467,0:01:47,5232,"156,8668",44,51112,"7,21"
V0cSPhbaWuE,üëâ L√ñVE 2D! UM APLICATIVO QUE CRIA JOGOS EM 2D PELO CELULAR E QUE USA LINGUAGEM DE PROGRAMA√á√ÉO LUA,"Mar 9, 2023",593,0:02:14,4186,"156,0493",43,25898,"10,69"
pO4Ac9gD6f0,COMO CRIAR UM JOGO MULTIPLAYER COMPLETO NA GODOT MOBILE COM WEBSOCKET!!!,"Jul 14, 2025",1933,0:02:15,4122,"155,6925",26,96107,"3,18"
UN5gk-kWqAA,COMO CRIAR UM PLAYER 3D NA GODOT MOBILE | COLOCANDO ANIMA√á√ÉO MAIS ROTA√á√ÉO 3D!!! #04,"Mar 25, 2024",1868,0:03:47,2454,"155,262",17,31608,"5,29"
r3JSDxXtd-E,3 APLICATIVOS PARA CRIAR JOGOS NO CELULAR EM 2023! #shorts,"Mar 1, 2023",60,0:00:29,22882,"154,9417",285,125764,"6,53"
IcVxNWlCJl8,JOGANDO O JOGOS DOS INSCRITOS!!! #17,"Jul 28, 2025",765,0:03:06,2875,"148,9029",25,57438,"3,78"
SibCxdIUPcw,COMO CRIAR UM JOGO NO IT'S MAGIC | CRIANDO UM PLAYER EM 1¬∞ PESSOA - Tutorial Its Magic Engine,"May 3, 2021",684,0:03:12,2674,"143,3274",17,34553,"5,45"
UbtomQj7lxk,COMO CRIAR UMA CONTA NO GITHUB PELO CELULAR!!!,"Apr 21, 2025",1548,0:02:59,2877,"143,1104",38,46372,"4,38"
0Mkxag0Jtzg,√â MELHOR USAR A ITSMAGIC ENGINE OU GODOT MOBILE???,"Mar 27, 2025",633,0:02:10,3903,"141,9679",18,55337,"5,76"
NrSmx8FszVk,COMO CRIAR UM MENU 2D NA GODOT MOBILE!!! - 2025,"Aug 25, 2025",1303,0:03:17,2585,"141,6143",24,46133,"3,86"
p5qIPSA7mU0,JOGOS CRIADOS NA ITS MAGIC ENGINE QUE EST√ÉO NA PLAY STORE!!!,"Sep 18, 2023",801,0:02:39,3126,"138,7838",18,38399,"6,76"
HsFPHkBiVps,4 APLICATIVOS PARA CRIAR JOGOS PELO CELULAR EM 2D E EM 3D!!!,"Nov 6, 2023",832,0:01:52,4415,"138,3546",33,62662,"2,5"
7BaYMtZRgkk,COMO CRIAR UMA KEYSTORE PELO CELULAR - Apk Signer,"Apr 7, 2022",589,0:01:25,5622,"134,144",43,24415,"13,27"
Zz993EbBV5w,üí• BLENDER MOBILE 0.0.5 CHEGOU!!! | NOVAS FUN√á√ïES INCR√çVEIS!,"Aug 18, 2025",539,0:01:09,6862,"132,4423",39,53998,"7,96"
tSUDJEvWF0E,TODOS OS APLICATIVOS QUE USO PARA CRIAR JOGOS PELO CELULAR!!!,"Dec 11, 2023",561,0:01:49,4327,"132,1678",45,45682,"6,71"
FLzktue0hMc,COMO CRIAR UM JOGO PELO CELULAR | COMO CRIAR UM JOGO NO FPS MAKER - COMO USAR O FPS MAKER,"Mar 1, 2021",834,0:02:13,3485,"129,3783",24,108600,"2,42"
Pghqgw4PkD8,4 APLICATIVOS PARA CRIAR JOGOS MULTIPLAYER PELO CELULAR!!!,"Mar 3, 2025",608,0:01:34,4926,"129,3037",30,81824,"4,26"
p2GXm3bMODg,COMO CRIAR JOGOS JUNTO COM AMIGOS NO STUDIO LITE!!! #shorts #roblox,"Aug 1, 2025",173,0:00:57,11831,"127,3187",43,75321,"5,63"
Kbd9-ETQS1U,GRANDE NOVIDADE! AGORA √â POSS√çVEL EXPORTAR OS JOGOS EM APK PELA GODOT MOBILE!!! - Godot  4.4 Dev3,"Oct 14, 2024",889,0:01:50,3933,"120,2387",22,56395,"4,91"
96yi-nAueWM,COMO CRIAR UM JOGO NO CELULAR | MELHORES APLICATIVOS PARA CRIAR JOGOS PELO CELULAR,"Feb 8, 2021",450,0:01:34,4541,"118,793",34,59386,"6,25"
YQA04AIKgN0,JOGANDO O JOGOS DOS INSCRITOS!!! #19,"Nov 24, 2025",947,0:03:33,2001,"118,7836",22,40571,"3,45"
Iu7To3FUX7s,TODOS OS APLICATIVOS QUE USO PARA PROGRAMAR PELO CELULAR EM 2025!!!,"Nov 20, 2025",813,0:02:11,2969,"108,6233",54,43587,"4,85"
WvMAkpI5ovA,‚ö†Ô∏è SEU JOGO PODE SUMIR DO ROBLOX! FA√áA ISSO ANTES DO DIA 30/09!!!,"Sep 15, 2025",804,0:02:09,2932,"105,1733",11,45021,"4,41"
RaoGif8Hljw,COMO CRIAR UM PLAYER EM PRIMEIRA PESSOA NA GODOT MOBILE | SISTEMA DE PULO E CORRER #02,"Oct 24, 2024",863,0:01:59,3143,"104,1288",18,31761,"7,16"
a78YBYNOEHk,MESH2MOTION! A NOVA FERRAMENTA GR√ÅTIS PARA ANIMAR MODELOS 3D!!!,"Aug 28, 2025",995,0:02:11,2777,"101,7463",31,46599,"4,2"
iDGwTk_vrpo,üëâ JULIAN'S EDITOR! UM APLICATIVO QUE CRIA JOGOS EM 2D PELO CELULAR,"Feb 6, 2023",490,0:01:44,3481,"101,2926",45,32430,"8,09"
HnKEO3pMN5M,COMO CRIAR UM JOGO 3D NO GODOT ENGINE PELO CELULAR | CRIANDO O CEN√ÅRIO #3 - Godot Tutorial 3D,"Dec 12, 2022",444,0:01:12,4954,"99,7818",46,36349,"10,55"
JXNZ4sdOi2w,üëâ FPS GAME CREATOR! UM APLICATIVO QUE CRIA JOGOS EM 3D PELO CELULAR SEM PRECISAR DE PROGRAMA√á√ÉO,"Jul 3, 2023",668,0:01:59,3016,"99,7773",28,24718,"9,62"
OuLM_VVeaP4,QUEM USA IA N√ÉO APRENDE!!! üò≠,"Jan 19, 2026",952,0:02:59,1996,"99,342",27,33169,"4,05"
bgnf2d1pmY8,COMO PROGRAMAR EM PYTHON NA ITSMAGIC ENGINE!!! - 2024,"Jun 3, 2024",1589,0:03:13,1828,"98,1105",13,25620,"5,23"
CfU8XzdMnng,2 APLICATIVOS PARA CRIAR MODELOS 3D E IMPORTAR PARA GODOT MOBILE!!!,"Apr 17, 2025",562,0:01:29,3936,"97,9965",28,80363,"3,62"
HI9-IG4UpSA,COMO CRIAR UM JOGO NO CELULAR | COMO CRIAR UM JOGO EM 2D PELO CELULAR - Epic Game Maker Tutorial,"Apr 5, 2021",514,0:01:46,3312,"97,6935",26,60490,"4,36"
JM58joO6xbQ,QUANTO GANHEI COM 3 JOGOS PUBLICADOS NA PLAY STORE?,"Dec 7, 2023",533,0:02:19,2514,"97,2075",22,16677,"8,36"
4_AukSh2ZSU,CRIANDO O JUMP ROPE DO ROUND 6 NO STUDIO LITE!!!,"Aug 11, 2025",543,0:01:29,3766,"94,123",24,73480,"4,08"
C-NxgOHccUE,JOGANDO JOGOS ALEAT√ìRIOS DO STUDIO LITE!!!,"Aug 21, 2025",374,0:01:54,2850,"90,3241",11,58214,"3,84"
ZZSUH-zdUfs,COMO CRIAR UM MENU INICIAL NA IT'S MAGIC ENGINE! - Atualizado 2023,"Mar 6, 2023",524,0:02:01,2639,"89,1572",15,25424,"7,76"
G7p51PM8d2M,JOGANDO O JOGOS DOS INSCRITOS!!! #18,"Sep 29, 2025",876,0:03:03,1717,"87,6813",14,41608,"2,79"
YMRAbMvOyvo,VENCEDORES DA GAME JAM!!!,"Mar 24, 2025",846,0:02:33,2035,"86,5977",12,71119,"1,98"
SFTmoJOJSWA,4 FORMAS DE GANHAR ROBUX COM O STUDIO LITE!!!,"Sep 1, 2025",800,0:02:26,2124,"86,526",10,42856,"3,37"
7smWTWQ23nY,FINALMENTE!!! A GODOT 4.4 STABLE CHEGOU E J√Å EST√Å NA PLAY STORE,"Mar 6, 2025",593,0:01:51,2724,"84,3931",9,48950,"4,12"
Rkb9L4G7DtM,FINALMENTE! RESULTADOS DA GAME JAM DO RECOME√áO ‚Äì 2026,"Jan 12, 2026",889,0:03:11,1584,"84,1058",8,35165,"2,91"
BjH0R-SwqxQ,COMO ATIVAR O R6 NO STUDIO LITE!!! #shorts #studiolite,"Apr 11, 2025",133,0:00:46,10415,"83,8592",54,88262,"3,84"
JlwpmBx0ysM,COMO CRIAR UM JOGO NO CELULAR | RECRIEI SLENDRINA THE CELLAR PELO FPS MAKER E FICOU INCR√çVEL!!!,"Mar 29, 2021",567,0:01:41,2978,"83,5741",18,47566,"5,05"
9yMbMDkIAwY,CRIEI UM SITE PARA OS INSCRITOS PUBLICAREM SEUS JOGOS!!!,"Dec 8, 2025",668,0:02:00,2475,"83,1369",35,38166,"4,43"
GtgUuEf9IkI,MOSTRANDO OS JOGOS DA GAME JAM!!! - Parte 1,"Mar 17, 2025",1070,0:02:57,1681,"82,9768",9,41587,"2,89"
OudByEj1n_c,COMO USAR A MICROSTUDIO PELO CELULAR!!!,"Dec 26, 2024",1053,0:02:35,1911,"82,5847",8,26126,"5,23"
g0-jW0D_ybI,COMO CRIAR UM JOGO DE RPG DE MESA PELO CELULAR OU COMPUTADOR!!!,"Jul 24, 2023",2619,0:01:39,2956,"81,4191",12,22352,"8,33"
MgHJbuq_42g,CRIEI UM PLUGIN MULTIPLAYER PARA A GODOT MOBILE!!!,"Sep 22, 2025",1539,0:02:58,1613,"80,0062",13,36502,"2,88"
WHY27Q-Vtfg,GODOT 4.5 BETA 1 CHEGOU! COM O EDITOR MAIS ADAPTADO PRA CELULAR!!!,"Jun 26, 2025",734,0:01:51,2584,"79,9708",14,49574,"3,73"
fVVqQwAX9lo,NOVOS REQUISITOS PARA PUBLICAR JOGOS NA PLAY STORE!!! #shorts #playstore #playconsole,"Feb 9, 2024",59,0:00:35,11211,"79,8701",36,71476,"6,52"
4pijAlCMNPQ,QUANTO DINHEIRO √â POSS√çVEL GANHAR COM AN√öNCIOS EM JOGOS?,"Jan 23, 2025",499,0:02:53,1650,"79,7221",15,46303,"2,36"
96dfcthQUWY,SITES PARA BAIXAR MODELOS 3D E TEXTURAS REALISTAS PELO CELULAR DE AT√â 16K!!!,"Mar 14, 2022",556,0:01:36,2974,"79,5514",17,17543,"9,39"
3bfozm1HKmg,COMO AUMENTAR O TAMANHO DO SERVIDOR NO STUDIO LITE!!! #roblox #studiolite,"Aug 29, 2025",121,0:00:54,8501,"78,0615",46,67749,"3,32"
1V0ud2s9gjc,COME√áOU A GAMEJAM DE FIM DE ANO!!!,"Dec 1, 2025",774,0:02:30,1851,"77,2565",28,39856,"2,79"
E7a2MiZbYPA,COMO CRIAR UM JOGO NO IT'S MAGIC | IMPORTANDO MODELOS E TEXTURAS 3D - Tutorial Its Magic Engine,"May 24, 2021",597,0:02:04,2238,"77,1241",15,33784,"5,08"
MM6DjnbRInM,COMO PUBLICAR UM JOGO NA PLAY STORE PELO CELULAR - ATUALIZADO 2022,"Apr 18, 2022",1023,0:01:42,2645,"75,201",17,19468,"7,97"
1f9XM4z4SK8,NOVA ENGINE QUE CRIA JOGOS EM 2D PRA PC E CELULAR E QUE FUNCIONA NO NAVEGADOR!!! - microStudio,"Dec 9, 2024",627,0:01:44,2564,"74,4994",22,24915,"7,69"
QkC_eUqd7UQ,COMO EXPORTAR UM JOGO EM APK E AAB NA IT'S MAGIC ENGINE - Atualizado 2022,"Apr 11, 2022",892,0:02:09,2043,"73,3735",13,40967,"3,82"
u8PYZGlljeI,[üî¥ LIVE] MOSTRANDO OS JOGOS DA GAME JAM!!!,"Mar 16, 2025",7950,0:05:03,856,"72,0492",5,10537,"5,48"
O_oxKBYDD3o,REVELANDO O TEMA DA GAME JAM!!!,"Feb 3, 2025",642,0:02:30,1711,"71,6849",20,43686,"2,63"
n9-fBtDuApg,MELHORES APLICATIVOS PARA CRIAR MODELOS 3D PELO CELULAR!!! #shorts #modelagem #modelos3d,"May 9, 2023",59,0:00:35,10481,"71,5077",38,85401,"3,46"
XvVuj7LP7Dg,[üî¥ LIVE] AVALIANDO OS JOGOS DA GAME JAM!!! - Parte 3,"Mar 20, 2025",13472,0:06:01,710,"71,3873",1,11546,"4,23"
tGuU2g_HYxo,CRIEI UM JOGO MULTIPLAYER PELA GODOT ENGINE!!!,"Sep 8, 2025",690,0:01:55,2216,"70,908",14,37636,"3,87"
6HHla7qWCTA,POR QUE SEUS JOGOS NUNCA FICAM PRONTOS (e como eu resolvi isso),"Dec 11, 2025",484,0:02:15,1879,"70,5854",21,36810,"3,34"
K2JuH0C-sEE,CRIEI O BATATINHA FRITA DO ROUND 6!!!,"Feb 10, 2025",405,0:01:12,3491,"70,2723",15,63927,"4,2"
CEfExTZYyFc,[üî¥ LIVE] AVALIANDO OS JOGOS DA GAME JAM!!! - Parte 2,"Mar 18, 2025",14509,0:07:02,594,"69,7611",4,8376,"4,24"
iXChxUNRdKw,VALE A PENA USAR A GODOT MOBILE EM 2025? | 4 MOTIVOS PARA USAR!,"Jan 2, 2025",959,0:02:52,1451,"69,6791",19,62873,"1,68"
z7KikaX8xac,√â REAL! GODOT 4.6 DEV5 TRAZ GRADLE E O EDITOR DE SCRIPTS QUE SE AJUSTA AO TECLADO DO CELULAR!!!,"Dec 4, 2025",567,0:01:52,2228,"69,3381",14,40100,"3,97"
CeKNfGTCKZg,COMO CRIAR POL√çTICA DE PRIVACIDADE PARA PLAY STORE - Google Play Console,"Apr 13, 2022",603,0:01:59,2088,"69,0744",13,24106,"4,65"
alyIZ4wm_X4,NOVIDADES E RESTRI√á√ïES PARA NOVAS CONTAS CRIADAS NO GOOGLE PLAY CONSOLE EM 2024!!!,"Feb 8, 2024",628,0:02:01,2026,"68,6498",8,18327,"7,94"
MkFWi-a8ATw,[üî¥ LIVE] JOGANDO SEUS JOGOS!!!,"Jul 6, 2025",6291,0:04:52,835,"67,7886",5,12916,"4,71"
diNGL8odvng,COMO EXPORTAR SEU JOGO EM APK PELA GODOT MOBILE!!! - Desatualizado,"Apr 11, 2024",817,0:01:51,2165,"66,9119",8,34731,"4,6"
2yPE7IXzh_E,4 FORMAS DE GANHAR DINHEIRO CRIANDO JOGOS PELO CELULAR!!! - 2024,"Aug 22, 2024",519,0:01:39,2415,"66,859",22,19256,"5,39"
cyXd56a5bSY,COMO CRIAR UM JOGO 3D DO ZERO NA IT'S MAGIC | FAZENDO UMA ARMA ATIRAR - ITsMagic Engine Tutorial #2,"Mar 10, 2022",850,0:02:51,1374,"65,5852",7,13846,"6,07"
kFfdS4kd4ZQ,üëâ N-SPACE! UM APLICATIVO QUE CRIA JOGOS EM 3D BASEADO EM VOXEL PARA ANDROID E IOS,"Oct 3, 2024",815,0:02:19,1668,"64,5727",9,19297,"6,39"
Kt6C6SLxTI0,ESSE JOGO FOI CRIADO NO NEWCATROID!!! -  (Mod do Pocket Code),"Oct 13, 2025",734,0:01:32,2454,"62,7668",11,35909,"4,83"
QjD046BzTes,COMO CRIAR UM JOGO NO IT'S MAGIC | ADICIONANDO UM JOYSTICK - Tutorial Its Magic Engine,"May 17, 2021",512,0:02:08,1722,"61,2752",11,31021,"4,16"
xrulpW-WTwM,COMO CRIAR UM JOGO MULTIPLAYER ONLINE NA IT'S MAGIC ENGINE | COMO CRIAR UM JOGO ONLINE PELO CELULAR,"Sep 13, 2021",899,0:02:46,1323,"61,2015",13,18396,"5,82"
Hj9aa0EYjyQ,COMO APRENDER PROGRAMA√á√ÉO PELO CELULAR EM 2023 | COMO PROGRAMAR PELO CELULAR - TOP 4 APLICATIVOS,"Jan 30, 2023",744,0:02:09,1678,"60,2245",22,24151,"1,62"
5qjh-20YxnQ,[üî¥ LIVE] MOSTRANDO JOGOS CRIADOS PELO CELULAR!!!,"Mar 30, 2025",7698,0:05:23,667,"59,7381",2,11497,"4,01"
2yGn_MAuZlE,O VISUAL SCRIPT CHEGOU NA GODOT ENGINE!!! - Orchestrator,"Jul 15, 2024",934,0:02:11,1633,"59,491",10,34632,"2,67"
EDc7-wuzQr4,COMO APRENDER PROGRAMA√á√ÉO PELO CELULAR!!!,"Aug 13, 2023",31,0:00:25,13340,"56,3347",63,74685,"5,02"
f-U_JKxMr18,COMO CRIAR LOGIN E CADASTRO NA GODOT MOBILE COM FIREBASE!!! #1,"Oct 27, 2025",3290,0:03:16,1006,"55,0426",4,23883,"2,59"
FNr9-FT0lLs,[üî¥ LIVE] ANALISANDO SEU JOGO!!! #2,"Jul 13, 2025",6552,0:05:54,555,"54,7288",-1,9194,"3,71"
srtWVFyB1gk,4 JOGOS CRIADOS PELO CELULAR DA SEMANA!!!,"Jul 17, 2025",373,0:01:34,2072,"54,5782",12,42822,"3,53"
MrsTqxUlxwo,VERIFICAR COMPROVANTE DE RESID√äNCIA DO GOOGLE PLAY CONSOLE!!!,"Oct 7, 2024",489,0:02:27,1310,"53,6722",11,17323,"4,16"
8xpjhBxC74I,COMO CRIAR JOGOS PELO CELULAR | MELHORES APLICATIVOS PARA CRIAR JOGOS NO CELULAR,"Mar 22, 2021",358,0:01:41,1880,"53,1855",15,32799,"4,67"
tfYwGvbfBSE,JOGANDO OS JOGOS DO MEU SITE!!! - Zee Community,"Dec 29, 2025",596,0:02:15,1351,"50,8889",13,30718,"3,17"
_YXaTLDU7mI,COMO PERSONALIZAR O SEU PERFIL NO GITHUB PELO CELULAR!!!,"Apr 24, 2025",1587,0:02:22,1245,"49,3609",10,40371,"2,08"
4J_a9NSgxEI,COMO USAR O NEOVIM PELO CELULAR!!!,"Jun 9, 2025",971,0:01:44,1694,"49,2979",10,36574,"3,2"
1UCByg_ispk,COMO CRIAR UM JOGO NO ROBLOX NO CELULAR!!! #shorts #robloxshorts,"Jan 10, 2025",60,0:00:28,6798,"49,0379",19,14352,"2,49"
6_nYaXK1qQ8,[üî¥ LIVE] AVALIANDO SEU JOGO CRIADO PELO CELULAR!!!,"Sep 28, 2025",6785,0:04:38,631,"48,8273",4,13510,"2,92"
3VcQwiaHN_I,√â OFICIAL! A ITSMAGIC ENGINE AGORA N√ÉO TEM MAIS AN√öNCIOS!!! | TOTALMENTE GR√ÅTIS E ILIMITADA,"May 12, 2025",492,0:01:32,1905,"48,7165",8,41785,"3,42"
ig0fiatfqMM,[üî¥ LIVE] AVALIANDO SEU JOGO CRIADO PELO CELULAR!!!,"Aug 31, 2025",8051,0:04:18,675,"48,4853",1,12097,"3,7"
5jEQc56AdOU,CRIEI UM JOGO 2D NA GODOT MOBILE!!!,"Feb 12, 2024",466,0:01:36,1795,"48,2161",8,15002,"9,15"
evMfRCLW0Lg,NOVO APLICATIVO DE MODELAGEM 3D INSPIRADO NO BLENDER!!! - ITsMagic Vision,"Feb 19, 2024",527,0:01:24,2042,"48,0433",15,14649,"8,55"
iu0Vdvyq-kk,TIER LIST DAS ENGINES DE CELULAR!!! - 2024,"May 20, 2024",1197,0:02:52,989,"47,3268",8,10240,"5,38"
eDaSnASOLBg,5 COISAS SOBRE CRIA√á√ÉO DE JOGOS PELO CELULAR QUE VOC√ä N√ÉO SABIA!!!,"Jun 16, 2025",697,0:02:11,1289,"47,1563",6,45991,"2,06"
LyDAA3jp71Q,MESH2MOTION ATUALIZOU! AGORA TEM DRAG√ÉO E NOVAS ANIMA√á√ïES 3D,"Jan 5, 2026",859,0:01:44,1610,"46,639",9,27779,"4,05"
wHRqxHHBAh8,COMO CRIAR UM JOGO PELO CELULAR SEM SABER PROGRAMA√á√ÉO E PUBLICAR NA PLAY STORE (Ganhe dinheiro),"Aug 24, 2020",816,0:01:24,1962,"46,1591",19,37106,"4,2"
7v2448PNDcw,JOGANDO O JOGOS DOS INSCRITOS!!! #16,"Dec 30, 2024",893,0:03:11,866,"46,1216",12,29887,"2,14"
NCP7e5kEY1I,üí≤ 7 FORMAS DE GANHAR DINHEIRO CRIANDO JOGOS PELO CELULAR!!!,"Apr 6, 2023",631,0:01:41,1625,"45,8555",16,3185,"3,33"
QcZYwMKPUTY,O QUE APRENDI 1 M√äS DEPOIS QUE LANCEI MEU JOGO MULTIPLAYER NA PLAY STORE???,"Nov 3, 2025",773,0:02:21,1158,"45,6353",7,28772,"2,86"
mIqLT_R-aLQ,ATUALIZANDO O N√çVEL DE API DO MEU JOGO NA PLAY STORE!!! - SDK 35,"Jul 10, 2025",538,0:01:26,1888,"45,6241",13,37723,"3,5"
h0EJFy6L6Pw,[üî¥ LIVE] JOGANDO SEUS JOGOS!!!,"Apr 27, 2025",7668,0:04:44,571,"45,1259",0,7801,"4,61"
K0piL5AsUKk,COMO COLOCAR UM JOGO NO APTOIDE PELO CELULAR | COMO PUBLICAR UM JOGO NO APTOIDE PELO CELULAR,"Feb 3, 2022",601,0:01:53,1398,"44,028",15,6518,"10,59"
LxvThAixWww,√â MELHOR USAR O POCKET CODE OU SCRATCH PARA CRIAR JOGOS 2D? #pocketcode #scratch,"Aug 16, 2023",41,0:00:24,10171,"43,9475",16,101572,"3,07"
OStviwnd2VA,COMO CRIAR UM JOGO 3D NO GODOT ENGINE PELO CELULAR | OBJETOS PRIMITIVOS #1 - Godot Tutorial 3D,"Dec 5, 2022",371,0:01:36,1633,"43,9054",13,16077,"5,69"
sExT5jGUh28,COMO CRIAR UM JOGO NO POCKET GAME DEVELOPER | COMO CRIAR UM MENU NO POCKET GAME DEVELOPER #1,"Sep 30, 2021",350,0:01:43,1521,"43,6249",17,13702,"8,66"
u_JlOIN1i8A,[üî¥ LIVE] BATE PAPO GAME DEV!!!,"Jun 1, 2025",6981,0:04:10,626,"43,5208",5,24602,"1,65"
Ne4vjynktzY,FIREBASE STUDIO! A ANTIGA PROJECT IDX,"Apr 28, 2025",594,0:01:33,1597,"41,5947",13,35142,"2,48"
katTlpW63VA,COMO CRIAR UM JOGO NO CELULAR | COMO CRIAR UM JOGO PELO POCKET CODE - BOT√ïES,"May 10, 2021",671,0:02:40,929,"41,3907",5,22584,"2,6"
JGXybg9RMio,[üî¥ LIVE] ANALISANDO SEU JOGO!!!,"May 25, 2025",7265,0:04:22,566,"41,2252",1,11401,"3,18"
sZg2ekN-jjk,[üî¥ LIVE] AVALIANDO SEU JOGO CRIADO PELO CELULAR!!!,"Apr 13, 2025",4831,0:04:03,610,"41,1831",2,11861,"3,53"
moVMoDZKhcQ,üëâ HYPER 3D! UM SITE QUE CRIA MODELOS 3D ATRAV√âS DE IMAGENS COM INTELIG√äNCIA ARTIFICIAL!!!,"Jul 31, 2025",700,0:01:44,1397,"40,688",4,32519,"2,77"
fPlElR2zm-U,üí≤ √â POSS√çVEL GANHAR DINHEIRO CRIANDO JOGOS PELO CELULAR?,"Apr 3, 2023",521,0:02:13,1094,"40,6438",12,8847,"8,29"
-566OP48b2g,COMO CRIAR UM JOGO NO IT'S MAGIC | ADICIONANDO MOVIMENTA√á√ÉO NO PLAYER - Tutorial Its Magic Engine,"May 20, 2021",549,0:02:05,1162,"40,4912",1,25005,"2,82"
qv2F1M3CI50,CRIANDO O JUMP ROPE DO ROUND 6 NO STUDIO LITE!!! #3,"Sep 4, 2025",405,0:01:08,2105,"39,9119",6,46223,"3,68"
qF8yCGr26h0,VOC√ä N√ÉO PRECISA DE UM COMPUTADOR PARA CRIAR JOGOS!!!,"Aug 4, 2025",309,0:01:25,1669,"39,5995",10,34976,"3,53"
BPlav9MqHVk,COMO PUBLICAR UM JOGO NO GOOGLE PELO CELULAR!!!,"Nov 7, 2022",749,0:02:13,1051,"38,9408",12,8453,"8,52"
iZ8ue_GELkI,COMO CRIAR SEU PR√ìPRIO APLICATIVO PELO CELULAR SEM PRECISAR BAIXAR NADA (E sem saber Programar),"Aug 28, 2020",627,0:01:08,2038,"38,9371",19,10124,"15,64"
DQcY3tPPEhg,Meu Curso: Crie Jogos 2D pelo Celular com a Godot Mobile!!!,"Sep 25, 2025",220,0:00:50,2767,"38,9157",17,64198,"3,09"
UgK4gPTUwZs,[üî¥ LIVE] ESSE JOGO FOI CRIADO PELO CELULAR!!!,"Jun 29, 2025",5385,0:03:06,740,"38,2461",3,11092,"4,6"
rB8zw4_RYF0,ATUALIZA√á√ÉO DO MEU JOGO MULTIPLAYER | J√Å DISPON√çVEL NA PLAY STORE!!!,"Oct 6, 2025",505,0:01:07,2010,"37,6944",9,32749,"4,17"
ZfGdD--KY6k,3 APLICATIVOS QUE CRIAM JOGOS PELO CELULAR E QUE EXPORTAM EM APK!!!,"Dec 18, 2023",508,0:01:29,1511,"37,3702",7,51953,"2,11"
BzoM5PUeObk,JOGO DE TERROR CRIADO POR UM INSCRITO NA ITSMAGIC ENGINE!!!,"Jun 19, 2025",351,0:01:13,1814,"37,1034",4,40458,"3,4"
KVXwz5iuXfQ,GAMEPLAY DOS VENCEDORES DA GAME JAM DO RECOME√áO!!!,"Jan 15, 2026",843,0:02:28,888,"36,7077",5,21953,"2,82"
aeqDsNuvAtY,COMO CRIAR ANIMA√á√ÉO DE C√ÇMERA QUANDO O PLAYER ANDAR NA GODOT MOBILE!!! - Headbob,"May 19, 2025",795,0:01:15,1737,"36,5317",5,49309,"2,63"
w9qqInPQw1w,FINALMENTE!!! A GODOT 4.5 STABLE CHEGOU E J√Å EST√Å DISPON√çVEL NA PLAY STORE ,"Sep 18, 2025",498,0:01:28,1478,"36,3468",8,28163,"3,74"
cemGB9z7mrU,[üî¥ LIVE] JOGANDO SEU JOGO CRIADO NO CELULAR!!!,"Jul 27, 2025",4556,0:03:27,628,"36,1229",0,11620,"3,9"
NRZJcM33Mz8,A ITSMAGIC ENGINE AGORA FUNCIONA NO COMPUTADOR!!!,"Mar 13, 2025",261,0:00:59,2153,"35,8805",3,40890,"3,79"
PC3Fv6P856w,[üî¥ LIVE] √öLTIMA LIVE DE 2025 üò≠üò≠üò≠üò≠ O QUE SER√Å QUE VEM POR A√ç?,"Dec 28, 2025",5536,0:04:55,432,"35,5053",1,8306,"2,95"
5bffAKUGkWg,ATUALIZA√á√ïES SOBRE A MINHA GAME JAM!!!,"Feb 13, 2025",447,0:01:18,1622,"35,3785",5,49131,"2,48"
NZIOJ5sosMw,üí≤ QUANTO GASTEI PARA PUBLICAR UM JOGO NA PLAY STORE?,"Feb 16, 2023",515,0:01:26,1425,"34,2465",16,2794,"2,86"
YcfGGMe3YgU,COMO REMOVER OS DIREITOS AUTORAIS DAS SUAS M√öSICAS PELO CELULAR,"Aug 10, 2020",289,0:01:14,1606,"33,0774",8,5857,"16,07"
EdFeqNsnOCE,[üî¥ LIVE] JOGANDO O JOGOS DOS INSCRITOS!!! - CONTINUA√á√ÉO,"Aug 10, 2025",4140,0:03:20,589,"32,8521",-1,18844,"2,04"
Yvuo4lRTNS8,MELHORES APLICATIVOS PARA CRIAR JOGOS NO CELULAR!!!,"Mar 21, 2022",484,0:01:21,1438,"32,7365",7,33681,"3,36"
pdx305JBJMQ,[üî¥ LIVE] JOGANDO O JOGOS DOS INSCRITOS!!! - CONTINUA√á√ÉO,"Oct 5, 2025",5287,0:04:02,485,"32,7111",5,11188,"2,83"
651q764zp68,JOGANDO O JOGOS DOS INSCRITOS!!! #2,"Feb 21, 2022",790,0:03:12,608,"32,573",4,12486,"3,91"
VWA98kcY3qk,COMO CRIAR UM JOGO NO POCKET GAME DEVELOPER | ADICIONANDO BOT√ïES PARA ANDAR - POCKET DEV TUTORIAL #2,"Dec 2, 2021",504,0:02:37,730,"31,8845",5,5580,"8,39"
bR8ZweuDtp8,COMO CRIAR UM PLAYER 3D NA GODOT MOBILE | SISTEMA DE PULO E BOT√ïES NA TELA #05,"Apr 1, 2024",1245,0:02:29,756,"31,3595",3,16002,"2,91"
-RCwlF1upUE,√â POSS√çVEL CRIAR UM JOGO SOZINHO? 6 DICAS PARA COME√áAR A CRIAR JOGOS SOZINHO!!!,"Aug 4, 2022",801,0:01:45,1052,"30,892",10,24206,"2,49"
PRD-DrAZyzI,CRIANDO O JUMP ROPE DO ROUND 6 NO STUDIO LITE!!! #2,"Aug 14, 2025",394,0:01:06,1680,"30,8578",12,34528,"3,78"
VPOshF_RcBA,[üî¥ LIVE] BATE PAPO GAME DEV!!! √öltimas novidades,"Dec 14, 2025",4780,0:03:55,467,"30,5894",1,11866,"2,53"
kSCZh8L8-IQ,COMO CRIAR UM JOGO NO CELULAR | COMO CRIAR UM JOGO DE TIRO PELO CELULAR,"Apr 26, 2021",520,0:01:09,1584,"30,5407",5,26159,"4,77"
dAbYE35mxEw,[üî¥ LIVE] BATE PAPO GAME DEV!!!,"Feb 16, 2025",5249,0:03:21,538,"30,1763",7,13841,"2,43"
fIbJPiuzjmQ,[üî¥ LIVE] QUEM SER√Å QUE VAI GANHAR A GAME JAM?,,6486,0:07:55,228,"30,1364",1,2019,"5,79"
TvPKrvRdOw4,[üî¥ LIVE] JOGANDO O JOGOS DOS INSCRITOS!!! - CONTINUA√á√ÉO #2,"Aug 24, 2025",4908,0:04:01,431,"28,9456",2,8906,"3,04"
cRgq355nlL0,COMO SALVAR SEUS JOGOS DA GODOT MOBILE NO GITHUB USANDO O TERMUX!!!,"Jul 24, 2025",1132,0:01:35,1067,"28,3758",2,49062,"1,49"
GSlEWBjelMk,MODO ALEAT√ìRIO CHEGOU NO MEU JOGO JUMPING WITH FRIENDS!!!,"Oct 16, 2025",560,0:01:27,1155,"28,1488",3,29251,"2,74"
COCQyaAMZdY,COMO CRIAR UM PLAYER 3D NA GODOT MOBILE | ADICIONANDO M√öSICA E EFEITO SONORO DE PULO!!! #06,"Jul 11, 2024",718,0:01:46,949,"28,1389",6,10325,"6,95"
-buF5YtVi1s,[üî¥ LIVE] JOGANDO O JOGOS DOS INSCRITOS!!! - CONTINUA√á√ÉO,"Nov 30, 2025",4845,0:03:46,440,"27,7167",0,10237,"2,68"
y6y88DHfnrE,[üî¥ LIVE] JOGANDO SEUS JOGOS!!!,"Nov 23, 2025",4943,0:03:15,511,"27,7036",3,9932,"3,33"
xWi4G8ckkK8,JOGANDO JOGOS DOS INSCRITOS NA I'TS MAGIC ENGINE!!!! #1,"Nov 1, 2021",596,0:02:36,628,"27,3149",6,12086,"3,54"
ZqbyNVXkITY,üëâ FOR ENGINE BETA! UM APLICATIVO QUE CRIA JOGOS PELO CELULAR EM 3D E 2D BEM PARECIDO COM A UNITY,"Mar 30, 2023",377,0:00:55,1764,"27,1585",5,13429,"10,74"
RJCjRoYHbFE,üí• SAIU GODOT 4.4 BETA1! NOVIDADES NA EXPORTA√á√ÉO EM APK PRO MOBILE E MAIS!!!,"Jan 20, 2025",639,0:01:42,925,"26,2702",6,32537,"2,18"
_Zkxp2NH_Dc,PUBLIQUEI MAIS UM JOGO QUE CRIEI PELO CELULAR NA PLAY STORE!!! - Salto Z,"Aug 25, 2022",405,0:01:33,997,"25,8794",11,8650,"8,96"
VQPHOJxZN5g,COMO CRIAR UM JOGO 2D PELA IT'S MAGIC ENGINE!,"Aug 12, 2021",577,0:02:04,738,"25,521",3,6573,"9,19"
eBjjKy2EaPU,üëâ STAR2D! UMA NOVA ENGINE QUE CRIA JOGOS EM 2D PELO CELULAR E QUE USA LINGUAGEM DE PROGRAMA√á√ÉO WEB,"Apr 27, 2023",547,0:01:21,1120,"25,4388",5,10189,"9,17"
wOzXcK4fzrQ,EM QUE ENGINE O MINECRAFT FOI CRIADO?,"Sep 21, 2023",602,0:02:18,660,"25,3607",5,4733,"9,23"
fo4BbtJE_vU,[üî¥ LIVE] JOGANDO E ANALISANDO SEUS JOGOS CRIADOS PELO CELULAR!!!,"May 4, 2025",3616,0:03:26,440,"25,245",-1,11288,"2,71"
BVP6YNYejKE,COMO SER UM TESTADOR BETA DA PLAY STORE - MESMO COM O LIMITE DE PARTICIPA√á√ÉO | PROGRAMAS BETA,"Nov 16, 2020",698,0:01:42,889,"25,2161",4,5560,"13,35"
EXgV8L3zZqU,O ZEE FICOU DOIDO!!!,"Nov 16, 2025",4619,0:02:18,651,"25,0101",2,10585,"3,8"
MM5E8_H1WdA,COMO PROGRAMAR EM PYTHON PELO ACODE!!!,"May 10, 2024",59,0:00:47,2901,"24,55",9,17510,"6,9"
tT2WGppwdP0,üö® SEU JOGO PODE SER ELIMINADO DA GAMEJAM!!!,"Dec 22, 2025",411,0:01:33,946,"24,5159",2,22068,"2,8"
Txfn3Jin5wM,COMO CRIAR UM JOGO NO CELULAR | MELHORES ENGINES (APPS) PARA CRIAR JOGOS NO ANDROID,"Nov 9, 2020",484,0:01:22,1063,"24,3499",5,5436,"15,71"
gbwSatJ2kWw,COMO SALVAR O PROGRESSO NA NUVEM NA GODOT MOBILE COM FIREBASE!!! #2,"Oct 30, 2025",2451,0:02:46,527,"24,3402",0,22749,"1,57"
dDEdpibCxGg,JOGO DA SLENDRINA CRIADO POR UM INSCRITO!!!,"Feb 20, 2025",488,0:00:59,1463,"24,1401",5,36706,"3,29"
Zh_wV141IM4,GODOT WEB EDITOR! USE A GODOT ENGINE DIRETO DO NAVEGADOR!!!,"Sep 11, 2025",580,0:01:18,1102,"23,9284",5,31563,"2,48"
MF-XrIUcQ_o,JOGO DA PLAY STORE QUE FOI CRIADO NO CCODE!!! - Cube Platform II,"Jan 18, 2024",591,0:01:44,825,"23,925",2,10230,"6,22"
WrUvTj8rUN8,QUAL JOGO CRIAR SEM SABER PROGRAMAR?,"Aug 4, 2023",43,0:00:28,4423,"23,9128",21,31212,"4,63"
R_xXF1a98kA,CRIANDO UM MENU COM OP√á√ïES EM PYTHON PELO CELULAR!!!,"Aug 7, 2023",1144,0:03:03,468,"23,8116",6,15249,"1,95"
6KzIZgkH43o,QUAL VERS√ÉO DA GODOT MOBILE USAR | COMO USAR A GODOT 3 e 4,"May 23, 2024",1166,0:02:46,508,"23,5015",0,38113,"0,95"
CoSvGczdtAw,SITES PARA BAIXAR MODELOS 3D E TEXTURAS DE ALTA RESOLU√á√ÉO PELO CELULAR!!!,"May 11, 2023",454,0:01:18,1076,"23,331",9,8727,"6,88"
dCWy6K5iBdw,COMO CRIAR UM JOGO DO ZERO NO IT'S MAGIC | SISTEMA DE MUNI√á√ÉO + SOM AO ATIRAR - ITsMagic Tutorial #3,"Mar 24, 2022",1234,0:03:36,385,"23,1606",2,7053,"3,03"
6K82G-VfrEo,MELHORES APLICATIVOS PARA CRIAR JOGOS NO CELULAR EM 2023!!!,"Jan 9, 2023",617,0:01:25,978,"23,1458",6,36378,"1,32"
KHDgd6wvsFE,[üî¥ LIVE] BATE PAPO GAME DEV!!!,"Sep 7, 2025",6820,0:03:12,429,"22,9487",4,10419,"2,58"
NKy3uqM8lAo,COMO CRIAR UMA CUTSCENE NA IT'S MAGIC ENGINE | COMO FAZER CUTSCENE NO IT'S MAGIC!!!,"Oct 20, 2022",559,0:01:44,790,"22,9368",6,10466,"6,36"
ppcg_owxVI0,COMO COME√áAR A DESENVOLVER JOGOS PELO CELULAR?,"Sep 25, 2023",781,0:02:13,609,"22,5536",4,10816,"2,73"
bPW4fqtTC3w,üëâ CONSTRUCT 3! UMA ENGINE QUE CRIA JOGOS EM 2D PARA PC E CELULAR SEM PROGRAMAR,"Dec 23, 2024",697,0:01:34,857,"22,497",10,17968,"2,83"
kA1SZXAG564,AGORA √â OFICIAL! GODOT 4.6 STABLE TRAZ GRADLE NO MOBILE!!!,"Jan 29, 2026",613,0:02:05,638,"22,2921",1,9170,"4,97"
caV9Tg3dTe4,NOVA ENGINE PARA CRIAR JOGOS EM 2D PELO CELULAR USANDO RAYCAST!!! - Andromeda Engine,"Aug 24, 2023",650,0:01:09,1157,"22,2738",5,9821,"9,41"
J6KTd9gnsnk,Crie Jogos 2D Pelo Celular: Curso + ZeeCommunity,"Jan 8, 2026",262,0:01:01,1295,"22,0807",5,23670,"3,79"
ucqEW_8fBuY,COMO CRIAR UM JOGO PELO IT'S MAGIC | ADICIONANDO UMA ARMA - Tutorial Its Magic Engine,"May 27, 2021",575,0:02:19,568,"22,024",3,17753,"2,16"
KV1gw5ejSJs,COMO CRIAR UM JOGO NO CELULAR | COMO CRIAR UM JOGO PELO CELULAR DESENHANDO!!! - Desenhe Seu Jogo,"Feb 27, 2023",539,0:01:42,770,"21,8717",3,18930,"2,34"
RcxVoLsLAwE,COMO CRIAR SISTEMA DE ABRIR PORTAS COM BOT√ÉO NA IT'S MAGIC ENGINE!!! - ATUALIZADO 2023,"Aug 21, 2023",688,0:01:44,746,"21,7518",4,17476,3
0lqFpF8SrzI,COMO PROGRAMAR E CRIAR UM JOGO EM LUA NA IT'S MAGIC ENGINE!!! - Lua Script,"May 30, 2022",472,0:01:50,685,"20,9564",5,8802,"5,34"
gt_scHZlors,JOGO VENCEDOR DA GAME JAM DA ITS MAGIC ENGINE QUE EST√Å NA PLAY STORE!!!,"Jul 4, 2024",595,0:02:08,582,"20,7661",0,13628,"3,31"
pbZlQR3r5Vs,VALE A PENA FAZER FACULDADE DE PROGRAMA√á√ÉO EM 2026?,"Jan 26, 2026",608,0:02:37,474,"20,7378",5,11895,"2,45"
oN_9fBP4su0,COMO SINCRONIZAR O JOGO NA GODOT MOBILE!!! #3,"Nov 13, 2025",3138,0:02:02,607,"20,6654",3,21395,"2,06"
sA6_a9UhOuA,JOGANDO O JOGOS DOS INSCRITOS!!! #7,"Mar 13, 2023",853,0:04:18,285,"20,4938",3,5001,"4,3"
ixnBj_dIZpI,COMO REMOVER DIREITOS AUTORAIS DO YOUTUBE PELO CELULAR - 2022,"Mar 8, 2021",567,0:02:02,603,"20,4892",5,3939,"11,75"
GrHLCYwJprQ,[üî¥ LIVE] JOGANDO MEU JOGO MULTIPLAYER JUMPING WITH FRIENDS COM OS INSCRITOS!!!,"Oct 19, 2025",4794,0:02:54,421,"20,3977",1,8437,"2,96"
H15vjccnL0Y,JOGANDO O JOGOS DOS INSCRITOS!!! #15,"Oct 28, 2024",1047,0:04:02,303,"20,3814",1,13128,"1,8"
qI3mN6Lp4k8,2 JOGOS CRIADOS NA ITS MAGIC ENGINE QUE EST√ÉO NA PLAY STORE!!! - 2024,"May 27, 2024",867,0:02:24,496,"19,9723",4,8422,"4,45"
oxuMQ08s3q8,JOGANDO O JOGOS DOS INSCRITOS!!! #3,"Apr 25, 2022",751,0:03:35,332,"19,9182",3,10908,"2,25"
SjVLCI0UXUY,COMO CRIAR MODELOS 3D NO SPACEDRAW | COMO MODELAR NO SPACEDRAW - Objetos Primitivos,"Apr 4, 2022",559,0:01:36,728,"19,5899",4,3170,"7,79"
UvBUUfCcGuA,Game Creator Tutorial #01 - COMO FAZER SPRITES NO CELULAR | COMO FAZER PIXEL ART,"Jan 5, 2021",703,0:01:48,651,"19,5557",3,4710,"8,34"
4qZVTHWutss,COMO USAR A NOVA LINGUAGEM VISUAL DA IT'S MAGIC ENGINE! - ThermalFlow (B√°sico),"May 23, 2022",468,0:01:58,594,"19,4759",2,10439,"4,59"
1d7OSa-WcBQ,O POCKET CODE √â BRINCADEIRA DE CRIAN√áA! üòù,"Aug 15, 2024",527,0:01:29,781,"19,4626",3,13673,"3,47"
O-0AZ5M4rKk,COMO PUBLICAR UM JOGO NA PLAY STORE SEM TER CONTA E SEM PRECISAR PAGAR A TAXA DE $25 D√ìLARES,"Jan 10, 2022",481,0:01:40,694,"19,3277",5,3403,"12,75"
rXUPVKjHl3A,ME DESAFIEI A CRIAR UM JOGO SEM PROGRAMAR!!!,"Jul 22, 2024",539,0:02:37,441,"19,2557",6,8896,"2,43"
3Pbgu7Mfnnc,CRIEI O JOGO BHOP PRO PELO CELULAR!!!,"Jun 30, 2022",336,0:01:31,745,"18,9179",6,4716,"9,86"
DKnDHQgvcAE,COMO LER MENSAGENS APAGADAS DO SEU WHATSAPP | COMO RECUPERAR CONVERSAS DO WHATSAPP - WAMR,"Dec 7, 2020",453,0:02:12,512,"18,7815",1,823,"1,58"
ClrhbrYQCaw,"LIVE TESTE, N√ÉO PRECISA ENTRAR!","Sep 27, 2025",2833,0:01:40,664,"18,5868",2,22046,"1,83"
SwEHn17mgck,A PRIMEIRA VERS√ÉO DA GODOT ENGINE!!! - Godot 1.1 Stable,"Nov 25, 2024",902,0:01:54,584,"18,5788",1,32936,"1,19"
x61R5DO9Ahg,COMO CRIAR UM PLAYER EM 1¬∞ PESSOA DO ZERO EM JAVA NA IT'S MAGIC ENGINE | PULO DO PLAYER #2,"Sep 8, 2022",709,0:02:13,502,"18,562",1,6398,"5,41"
iZ7hUXTPhVI,COMO CRIAR SEU PR√ìPRIO JOGO PELO SEU CELULAR ANDROID PT 2 / CRIE SEU JOGO GR√ÅTIS (2 m√©todos),"Sep 14, 2020",788,0:01:21,820,"18,4725",6,29353,"2,07"
taiBiuWu17Y,GANHE DINHEIRO CRIANDO JOGOS NO CELULAR SEM GASTAR NADA!!!,"Aug 10, 2023",41,0:00:26,4049,"18,1945",17,30896,"4,37"
kXxc45bedP8,3 G√äNEROS DE JOGOS PARA CRIAR NO CELULAR MESMO SENDO INICIANTE,"Mar 2, 2023",435,0:01:22,786,"18,023",5,18507,"3,46"
nL390Ds7RVg,NOVA ENGINE QUE CRIA JOGOS E APLICATIVOS PELO CELULAR EM JAVASCRIPT E GDSCRIPT!!! - Tap Engine,"May 1, 2023",441,0:01:49,585,"17,825",4,4756,"9,97"
9MjHUvQF1OM,EU PAREI DE USAR A ITS MAGIC ENGINE?,"Apr 18, 2024",526,0:01:23,765,"17,8067",4,14086,"4,67"
_KslUftqLa4,RECRIEI POK√âMON FIRE RED PELO CELULAR!!!,"Dec 6, 2021",493,0:00:58,1090,"17,7733",7,5290,"15,05"
w99F5uah3Bk,2 JOGOS INCR√çVEIS QUE JOGUEI EM LIVE!!!,"Dec 25, 2025",787,0:01:35,660,"17,4418",2,23302,"1,91"
xzk4OrXBh14,COMO CRIAR UM JOGO NO CELULAR | MELHORES APLICATIVOS PARA CRIAR JOGOS 3D NO CELULAR,"Aug 23, 2021",528,0:01:22,752,"17,2827",2,15128,"3,4"
Z1-HI2NPpe0,RECRIANDO O STUMBLE GUYS PELO CELULAR!!! #1,"Jun 6, 2022",696,0:02:10,472,"17,1115",3,2668,"10,76"
6jN8olq9SDw,COMO PLANEJAR UM JOGO? COMO CRIAR ROTEIRO PARA JOGOS? E MAIS | Zee Responde!,"Mar 23, 2023",746,0:02:36,393,"17,0403",5,3925,"7,69"
iOMk2knjqqA,QUANTO GANHEI COM 3 JOGOS MEUS NA PLAY STORE? #shorts,"Dec 15, 2023",45,0:00:38,2387,"16,7483",12,13165,"8,58"
xXYuOEhyMpM,ENTRANDO NOS JOGOS QUE CRIEI PELO CELULAR E PUBLIQUEI NA PLAY STORE!!!,"Feb 9, 2023",626,0:02:11,440,"16,0733",2,4107,"7,01"
iXtp0u9ZaLc,4 JOGOS QUE J√Å CRIEI PELO CELULAR!!!,"Jul 25, 2024",496,0:02:04,460,"15,9353",1,12773,"2,44"
N5S6JQooIyU,√â O FIM DO MEU JOGO FRIEND GUYS?,"Nov 28, 2024",392,0:01:24,680,"15,9074",1,13277,"4,13"
7yppojPjlLA,COMO CRIAR UM JOGO DO ZERO NA IT'S MAGIC | IMPORTAR MODELOS E TEXTURAS - ITsMagic Engine Tutorial #7,"May 19, 2022",702,0:01:44,545,"15,8466",2,4190,"9,21"
oAVVWYIjaVs,COMO CRIAR SISTEMA DE ABRIR PORTAS NA IT'S MAGIC ENGINE!!! - ATUALIZADO 2022,"Sep 22, 2022",820,0:02:37,362,"15,8458",2,8010,"2,97"
tIRpFsaOQdE,JOGANDO O JOGOS DOS INSCRITOS!!! #14,"Jul 29, 2024",959,0:03:24,275,"15,6136",0,9934,"2,19"
NaZf8WBmonM,CCODE! A NOVA ENGINE PARECIDA COM O POCKET CODE QUE TAMB√âM CRIA JOGOS EM 2D - CRIANDO UM FLAPPY BIRD,"Jan 6, 2022",542,0:01:18,703,"15,2651",3,23664,"2,32"
liks6-j6NDk,SIMULADOR DE HACKER NO TERMUX!!! #hacker #termux,"Jan 5, 2024",46,0:00:29,2769,"15,1955",12,15670,"4,36"
xL5aDlMofB4,PLAYER EM PRIMEIRA PESSOA NO STUDIO LITE!!! #shorts #roblox,"May 2, 2025",28,0:00:15,6100,"14,9042",15,46588,"3,52"
gf5OHyxpLlI,[üî¥ LIVE] BATE PAPO GAMEDEV!!! - Primeira live de 2026!,"Jan 18, 2026",4559,0:02:02,437,"14,8382",4,8914,"2,98"
qCMlvYaAK14,JOGO VENCEDOR DA MINHA GAME JAM!!! #shots #gamejam,"Mar 28, 2025",41,0:00:24,3111,"14,7861",8,25744,"3,15"
e25jaHd1Ovo,VALE A PENA PUBLICAR JOGOS NA PLAY STORE PELO CELULAR?,"Sep 4, 2023",644,0:02:13,397,"14,7605",3,3867,"3,26"
lgMk6oz97yE,JOGANDO O JOGOS DOS INSCRITOS!!! #5,"Aug 29, 2022",888,0:04:48,182,"14,5827",0,3308,"3,87"
J0zMNKgOKmQ,NOVA ENGINE PARA CRIAR JOGOS PELO CELULAR QUE USA HTML5 E JAVASCRIPT!!! - Fov 2D,"May 15, 2023",482,0:01:09,736,"14,1365",2,6508,"8,79"
_t8qg48be_I,üí≤ TUDO SOBRE A TAXA DE 25 D√ìLARES DA PLAY STORE!!!,"Nov 20, 2023",525,0:02:36,323,"14,04",1,2948,"2,27"
sPHaq0cp_OA,JOGO 3D DE CARRO CRIADO NA ITS MAGIC ENGINE!!! - Shift Journey,"Jun 6, 2024",561,0:01:13,687,"13,9326",4,8059,"5,42"
4cftdX0XWm0,JOGANDO O JOGOS DOS INSCRITOS!!! #9,"Aug 28, 2023",946,0:04:10,196,"13,6495",1,3893,"3,78"
7TXzg10xB_8,SISTEMA DE MONETIZA√á√ÉO NO CCODE!!! | COM BLOCOS DE AN√öNCIOS ADICIONADOS,"Jan 25, 2024",635,0:01:46,459,"13,6294",2,7812,"3,81"
cxA5XTOLUJY,COMO CRIEI O MEU JOGO FRIEND GUYS PELO CELULAR?,"Jan 1, 2024",882,0:01:25,567,"13,4838",2,4436,"9,04"
Hf03UobGOvQ,SPAWN DE ZUMBIE NO STUDIO LITE!!! #shorts #roblox,"Jul 4, 2025",61,0:00:23,3402,"13,3825",2,30073,"4,1"
bZ5Uj1VZVZA,JOGANDO O JOGOS DOS INSCRITOS!!! #4,"Jun 27, 2022",811,0:04:34,176,"13,332",0,4974,"2,51"
WPfx78V-iIc,NOVA IDE PARA CRIAR JOGOS EM 3D PELO CELULAR!!! - Three Environment,"Aug 26, 2024",833,0:01:24,561,"13,1115",2,9645,"2,66"
mjuHwGauxR0,A PRIMEIRA GAME JAM DO CANAL!!!,"Jan 27, 2025",338,0:00:57,814,"13,0228",5,28704,"2,18"
zgIkJc1UL4A,COMO ENTRAR E SAIR DO CARRO IGUAL GTA NA I'TS MAGIC ENGINE!!!,"Oct 4, 2021",681,0:02:13,343,"12,7217",2,5572,"4,79"
5D8YeeMOcr4,COMO CRIAR UM PLAYER EM 1¬∞ PESSOA DO ZERO EM JAVA NA IT'S MAGIC ENGINE | REFAZENDO O PLAYER #3,"Sep 12, 2022",827,0:02:33,296,"12,5807",0,3791,"5,35"
9AIN5t-3uTM,COMO PERSONALIZAR SEU JOGO NO STUDIO LITE!!! #shortvideo #roblox,"Aug 8, 2025",178,0:00:34,1972,"12,4508",6,22239,"2,5"
pXfdhWf8d4w,COMO COLOCAR M√öSICAS E EFEITOS SONOROS NO STUDIO LITE! #shorts #roblox,"Aug 15, 2025",31,0:00:14,5277,"12,4328",7,45129,"3,7"
chAmduTPvR0,COMO TRADUZIR APPS E JOGOS DO ANDROID - 2022,"Oct 26, 2020",583,0:01:50,403,"12,3923",2,1858,"2,74"
zRYVlUV8b40,COMO CRIAR UM JOGO NO POCKET GAME DEVELOPER | COMO FAZER TELA DE VIT√ìRIA - POCKET DEV TUTORIAL #3,"Jan 24, 2022",325,0:01:47,410,"12,2697",2,3713,"6,98"
A4CuxWskt3s,COMO CRIAR UM JOGO EM 3¬∞ PESSOA NA I'TS MAGIC ENGINE!!!,"Oct 11, 2021",327,0:00:59,741,"12,2103",3,15208,"4,18"
EcSdV4qT6po,üëâ CONSTRUCT 3! UMA ENGINE QUE CRIA JOGOS EM 2D PARA PC E CELULAR SEM PROGRAMAR #shorts #construct3,"Dec 27, 2024",56,0:00:29,1994,"12,0814",6,26140,"2,92"
Xra4XEv3gtc,NOVA ENGINE PARA CRIAR JOGOS PELO CELULAR QUE EST√Å SENDO CRIADA POR UM INSCRITO!!! - Molbi Engine,"Apr 13, 2023",437,0:01:06,654,"12,0447",2,5750,"9,04"
d2-cMUluhm8,CRIANDO UM JOGO FPS DE ZUMBI NO IT'S MAGIC | DANDO VIDA A UM ZUMBI COM SCRIPTS #1,"Jul 1, 2021",586,0:01:41,428,"12,0212",4,2359,"10,81"
qJ4Jk12Pj6E,APRENDA JAVA PELO CELULAR!!!,"Aug 9, 2023",20,0:00:16,4160,"11,9672",35,30303,"5,79"
-S1WpvrYGEw,EM QUE ENGINE O TERRARIA FOI CRIADO?,"Nov 16, 2023",491,0:02:09,332,"11,9204",4,3163,"4,74"
QjKgHEHmwpU,TUDO SOBRE COLIS√ÉO E F√çSICA NO IT'S MAGIC - B√°sico,"Jun 7, 2021",585,0:02:14,317,"11,8724",0,12002,"1,92"
-gGyJTwJC-E,COMO CRIAR UM MENU INICIAL NA IT'S MAGIC ENGINE!- COMO FAZER MENU,"Aug 26, 2021",449,0:01:32,455,"11,7426",3,7814,"4,63"
QqbEyhHUrtQ,COMO USAR A FOR ENGINE BETA - 2023,"Apr 20, 2023",541,0:01:16,551,"11,7035",4,4981,"8,21"
bdsxyUGZ8Lg,LAN√áAMENTO DO CCODE 2!!!,"Aug 5, 2024",427,0:01:12,582,"11,6835",0,10967,"3,98"
182k3FOic_0,CRIE JOGOS 2D E 3D INCR√çVEIS COM A ITS MAGIC ENGINE!!!,"Aug 14, 2023",53,0:00:24,2527,"11,6749",4,24906,"3,5"
RwPw2LSjCZ8,LINUX PELO CELULAR!!! #linux #debian,"Jun 6, 2025",61,0:00:24,3335,"11,606",2,23085,"3,14"
XV25IpQ1RvU,COMO CRIAR UM JOGO NO IT'S MAGIC | FAZENDO A ARMA ATIRAR COM SCRIPTS - Tutorial Its Magic Engine,"Jun 3, 2021",616,0:01:32,443,"11,3426",0,11059,"3,1"
iGjKknLAkxA,COMO CRIAR UM MENU INICIAL NA IT'S MAGIC ENGINE! - Atualizado 2022,"May 6, 2022",551,0:01:47,380,"11,3271",0,8158,"3,48"
m3_AFL3n47w,PUBLIQUEI UM JOGO NA PLAY STORE!!! #shorts #playstore #googleplay,"Jul 5, 2024",43,0:00:28,2136,"11,3016",5,10564,"6,52"
gf_9cMEDMzA,"NOVA ATUALIZA√á√ÉO DA IT'S MAGIC ENGINE COM GERADOR DE MODELOS 3D COM IA, SIMULADOR DE APK E MAIS!!!","Oct 31, 2024",526,0:01:16,531,"11,2257",7,12983,"3,52"
puretYp90yw,COMO CRIAR UM PLAYER EM 1¬∞ PESSOA DO ZERO EM JAVA NA IT'S MAGIC ENGINE | MOVIMENTA√á√ÉO DA C√ÇMERA #5,"Oct 13, 2022",656,0:01:51,359,"11,1662",0,4081,"6,84"
Q964iVAdBe4,COMO CRIAR UM JOGO DO ZERO NA IT'S MAGIC | COLETANDO MUNI√á√ÉO DO CH√ÉO - ITsMagic Engine Tutorial #4,"Mar 28, 2022",1128,0:03:17,201,"11,0183",0,5587,"2,34"
h6d--cS_5KQ,JOGANDO AT√â ZERAR O MEU PR√ìPRIO JOGO QUE RECRIEI SLENDRINA THE CELLAR!!!,"Jun 10, 2024",818,0:02:24,273,"10,9954",2,8821,"2,37"
qTxnpH-zP50,CRIEI UM JOGO MULTIPLAYER PELA GODOT ENGINE!!! #godot #shorts,"Sep 12, 2025",71,0:00:22,2431,"10,9936",6,18218,"3,37"
Ihh-rA031t4,RECRIANDO O MINECRAFT NA I'TS MAGIC ENGINE!!!,"Nov 8, 2021",483,0:01:06,583,"10,7678",0,3879,"12,45"
cAawEue1aik,JOGANDO O JOGOS DOS INSCRITOS!!! #13,"Apr 29, 2024",962,0:03:07,206,"10,7452",0,7088,"2,23"
1F_MsnM2g9k,NOVA ATUALIZA√á√ÉO DA GODOT ENGINE!!! 4.6 DEV3 #shorts #godot,"Nov 14, 2025",75,0:00:26,2122,"10,7252",7,15762,"6,08"
DLL0FWUYuGQ,JOGANDO AT√â ZERAR O MEU PR√ìPRIO JOGO FRIEND GUYS!!!,"Oct 30, 2023",837,0:02:28,253,"10,4288",2,6758,"2,93"
AF-xwv6XpjM,CRIEI O BATATINHA FRITA DO ROUND 6!!! #shorts #squidgame,"Mar 21, 2025",61,0:00:25,1888,"10,3829",4,13971,"3,13"
fHgaB5DxQJ8,ESSE JOGO 3D DE CARRO FOI CRIADO NA GODOT MOBILE!!!,"Apr 25, 2024",338,0:01:05,567,"10,251",1,7785,"5,72"
zPFSLrD-jR4,CRIANDO UM JOGO MULTIPLAYER DE SOBREVIV√äNCIA NA I'TS MAGIC ENGINE!!!,"Dec 13, 2021",430,0:01:28,416,"10,2408",2,3698,"9,09"
llJmyO3UPKw,COMO CRIAR UM JOGO 2D NO CELULAR!!! | COMO CRIAR UM JOGO NO SCRATCH - Scratch Android,"Feb 7, 2022",462,0:00:49,743,"10,1775",2,19788,"2,84"
wQr7V6af0EM,COMO FAZER UMA C√ÇMERA EM 3¬∞ PESSOA NO IT'S MAGIC,"Jun 28, 2021",587,0:01:20,451,"10,0807",4,6368,"5,81"
MDglbDnRJog,COMO CRIAR UM JOGO NO IT'S MAGIC | CRIANDO UMA BALA COM SCRIPTS - Tutorial Its Magic Engine,"May 31, 2021",597,0:02:13,271,"10,0517",1,12169,"1,43"
3XaJTtvfBxs,[üî¥ Primeira LIVE 2025] JOGOS O JOGOS DOS INSCRITOS!!! - CONTINUA√á√ÉO,"Jan 5, 2025",6396,0:04:41,127,"9,8429",0,2812,"3,09"
s_f1weDvIy0,VALE A PENA CRIAR JOGOS PELO CELULAR?,"Nov 21, 2024",809,0:01:51,314,"9,7523",0,14795,"1,55"
bUVHUFIY1C0,COMO USAR A THREE ENVIRONMENT - 2024,"Nov 7, 2024",657,0:01:13,473,"9,6689",3,13424,"2,84"
HLImz5cBvRM,CRIEI UM JOGO 2D DE RPG NUMA ENGINE QUE COMPARTILHA MUNDOS - GMKR,"Aug 5, 2021",397,0:01:14,460,"9,4856",0,3829,"8,98"
vrJCzKYEBXE,EM QUE ENGINE O ROBLOX FOI CRIADO?,"Oct 19, 2023",562,0:01:51,299,"9,2309",3,3856,"5,32"
3K8fi1PhBfM,10 ERROS QUE DESENVOLVEDORES DE JOGOS PELO CELULAR COMETEM!!!,"Oct 10, 2024",1038,0:03:21,165,"9,2162",2,12631,"0,97"
gBzpulUNOPc,O VISUAL SCRIPT CHEGOU NA GODOT ENGINE!!! #shorts #orchestrator #godot,"Aug 2, 2024",59,0:00:30,1492,"9,0694",5,13671,"4,38"
T-hLujPR_Ow,COMO CRIAR UM SISTEMA PARA QUANDO O PLAYER MORRER VOLTAR PRO IN√çCIO NA IT'S MAGIC ENGINE!!!,"May 2, 2022",794,0:01:46,306,"9,0475",0,6339,"3,66"
ADyw7yQcLc0,SISTEMA DE ARMAS NO STUDIO LITE!!! #shorts #roblox,"Jun 20, 2025",30,0:00:14,3536,"8,8826",7,32386,"2,62"
uqRwFWUfhCg,L√ñVE 2D! UM APLICATIVO QUE CRIA JOGOS EM 2D PELO CELULAR E QUE USA LINGUAGEM LUA #shorts #love2d,"Apr 12, 2023",54,0:00:31,1496,"8,8365",4,16519,"3,66"
PVeA2CEuBFA,COMO DEIXAR O C√âU REALISTA NA IT'S MAGIC ENGINE! | MOVENDO SKYBOX POR SCRIPTS!,"Oct 27, 2022",517,0:01:38,320,"8,7964",2,5181,"5,29"
YHLgj4Qrxl8,ENGINE CERTA PARA PUBLICAR UM JOGO NA PLAY STORE!!!,"Oct 27, 2023",34,0:00:21,2480,"8,7785",7,18035,"3,43"
El7m88XZ3QE,A ITS MAGIC ENGINE MORREU?,"Jul 7, 2023",45,0:00:21,2141,"8,7029",8,20683,"4,34"
d8JV-NTADII,JOGANDO O JOGOS DOS INSCRITOS!!! #6,"Oct 24, 2022",856,0:04:08,125,"8,6355",0,3042,"2,89"
XbIJkhhKP7A,2 NOVAS ENGINES PARA CELULAR!!!,"Aug 12, 2024",248,0:00:52,593,"8,6301",5,8695,"3,68"
Rt37sUdAiD4,NOVA LINGUAGEM DA IT'S MAGIC ENGINE QUE VAI SUBSTITUIR O NODESCRIPT!!! - NoCode,"Aug 14, 2023",544,0:01:46,286,"8,434",1,3951,"5,57"
KDm5UV8eb0Y,CRIANDO ANIMA√á√ÉO DE SOCO NO STUDIO LITE!!! #roblox #studiolite,"Jan 2, 2026",37,0:00:21,2888,"8,381",4,13317,"3,64"
rjNA460sSe4,RECRIANDO O CH√ÉO √â LAVA DO ROBLOX PELO CELULAR!!!,"Sep 1, 2022",461,0:01:39,301,"8,3001",3,2925,"7,49"
SyKEaATzxK0,MEU CURSO CRIE JOGOS 2D PELO CELULAR COM A GODOT MOBILE!!! #shorts #godot,"Sep 26, 2025",46,0:00:19,2581,"8,2107",7,19227,"3,29"
SAV0ue7E63I,RECRIEI O JOGO DE TERROR SLENDRINA THE CELLAR PELO FPS MAKER E FICOU MUITO TOP!!! (Parte final),"Aug 2, 2021",481,0:01:38,298,"8,1489",0,2374,"7,16"
qvt-lWA87og,NOVA ENGINE PARA CRIAR JOGOS EM 2D - microStudio #shorts,"Dec 13, 2024",57,0:00:24,1486,"8,1361",2,19185,"3,82"
fU-3CuoHL0s,COMO CRIAR UM JOGO PELO IT'S MAGIC | CRIEI UM SCRIPT DE TROCAR DE ARMA - Tutorial Its Magic Engine,"Jun 14, 2021",394,0:00:51,561,"8,0671",1,2539,"18,16"
_13wDW61QaU,COMO CRIAR UM JOGO NO IT'S MAGIC | ADICIONANDO UMA LANTERNA COM SCRIPTS - Tutorial Its Magic Engine,"Jun 10, 2021",606,0:01:27,331,"8,0406",1,8671,"3,01"
jff5hgXpC0g,COMO CRIAR SISTEMA DE TROCA DE ARMA NA IT'S MAGIC ENGINE - ITsMagic Engine Tutorial #6,"May 16, 2022",753,0:01:46,266,"7,8992",0,4450,"4,49"
58kA2nO0ZbI,4 SITES COM M√öSICAS E EFEITOS SONOROS LIVRES PARA OS SEUS JOGOS!!!,"Aug 11, 2022",458,0:01:16,361,"7,6636",2,2394,"8,35"
-dxxDuC_00A,O FREE FIRE FOI CRIADO EM QUE ENGINE? [üé¨ Corte das Lives],"Sep 7, 2023",386,0:01:23,329,"7,6269",1,3422,"6,34"
KUOE1l_gOVc,NOVA ATUALIZA√á√ÉO DA ITSMAGIC ENGINE AGORA COM ADMOB | GANHE DINHEIRO CRIANDO JOGOS PELO CELULAR!!!,"Dec 12, 2024",596,0:01:03,426,"7,5284",5,14820,"2,28"
aUAP0sN9IPU,COMO PEGAR E SOLTAR ITENS NA I'TS MAGIC ENGINE!!! - Sistema de captura e lan√ßamento de objetos!,"Oct 18, 2021",610,0:01:36,281,"7,5138",1,5167,"4,43"
f48MQdy0LRU,COMO RECRIEI O JOGO LET'S GET READY TO BUMBLE DO GTA SAN ANDREAS!!!,"Jan 16, 2025",527,0:01:00,440,"7,3671",0,21335,"1,74"
pXXXRtyXLp0,COMO CRIAR UM JOGO NO ROBLOX PELO CELULAR!!! #roblox #robloxstudio #shorts,"Jan 20, 2023",40,0:00:21,1549,"7,2844",6,7305,"2,01"
amoqXle8FXE,COMO CRIAR UM JOGO 3D NO GODOT ENGINE PELO CELULAR | CRIANDO ILUMINA√á√ÉO #4 - Godot Tutorial 3D,"Dec 15, 2022",404,0:00:47,545,"7,2276",2,4460,"6,05"
aMW6HKfz580,A GODOT 4.4 STABLE CHEGOU!!! #shorts #godot #godotengine,"Mar 7, 2025",69,0:00:23,1535,"7,2",3,11700,"2,77"
IMiwo0xsRS0,O MODO MULTIPLAYER FINALMENTE FOI ADICIONADO NO MEU JOGO!!! | CRIANDO UM JOGO NA I'TS MAGIC ENGINE!,"Dec 27, 2021",341,0:01:12,349,"7,0757",3,3472,"8,41"
uujt2v0BKck,COMO CRIAR UM JOGO 2D PELA IT'S MAGIC ENGINE | ADICIONANDO SCRIPTS,"Aug 16, 2021",503,0:01:11,355,"7,0427",2,5836,"5,31"
8goRvh5nQkU,JOGANDO O JOGOS DOS INSCRITOS!!! #8,"May 29, 2023",697,0:03:37,114,"6,8991",1,3366,"2,47"
QMXpdGx_hjU,JOGANDO O JOGOS DOS INSCRITOS!!! #10,"Oct 23, 2023",877,0:04:21,94,"6,8318",0,3739,"1,6"
uj2cN7WWZIw,JOGO CRIADO NO ROBLOX NO CELULAR!!! - Studio Lite #shorts #robloxshorts,"Mar 15, 2025",95,0:00:19,1631,"6,7586",0,12801,"2,04"
xRTHcVXpcVo,COMO CRIAR UM JOGO NO POCKET GAME DEVELOPER | CRIANDO UM SISTEMA DE MOEDAS - POCKET DEV TUTORIAL #4,"Jan 27, 2022",258,0:01:18,309,"6,7385",1,2564,"8,42"
T0QSS47gvMs,PLAYER 3D NA GODOT MOBILE!!!,"Mar 22, 2024",61,0:00:22,1474,"6,7323",4,14632,"4,69"
rbT11mvv1X4,üëâ GDEVELOP! UMA ENGINE DE PC QUE CRIA JOGOS EM 2D E QUE AGORA EST√Å PARA CELULAR NA PLAY STORE,"Apr 10, 2023",571,0:01:30,267,"6,7085",3,3807,"4,07"
MWTRdjHMMFs,√â O FIM DO MEU JOGO SALTO Z?,"Sep 11, 2023",632,0:01:34,250,"6,587",0,2876,"5,53"
l8s60ZQt6pw,[üî¥ LIVE] JOGANDO E ANALISANDO SEUS JOGOS CRIADOS PELO CELULAR!!!,"Jan 19, 2025",5223,0:02:59,129,"6,4257",0,3358,"3,28"
He0UwDkXCZ4,COMO APRENDER PROGRAMA√á√ÉO PELO CELULAR | COMO PROGRAMAR COM PYTHON - Python 3 / C++ / HTML / Java,"Jan 18, 2021",735,0:01:39,227,"6,2507",2,2518,"6,87"
RtZfcYL4IgM,COMO CRIAR UM SCRIPT PARA QUANDO COLIDIR COM O OBJETO APARECER UMA IMAGEM NA IT'S MAGIC ENGINE!!!,"Dec 29, 2022",768,0:01:23,268,"6,2239",1,5343,"3,74"
hQpg2EaqG7o,NOVA ENGINE PARA CRIAR JOGOS NO CELULAR!!! - Godot Engine,"Nov 28, 2022",444,0:00:44,505,"6,2049",2,3786,"2,09"
W37p9rvDIsw,"COMO MUDAR O ESTILO DO VOLUME DO SEU CELULAR! (iOS, Xiaomi, One UI, RBG..) - VOLUME STYLES COMO USAR","Dec 28, 2020",465,0:01:04,348,"6,1948",0,1382,"11,43"
ziQxikOdowI,2 JOGOS 2D CRIADOS POR INSCRITOS - [üé¨ Corte das Lives],"Dec 19, 2024",492,0:01:23,267,"6,1674",2,15258,"1,44"
Pe_xqd3bSrM,JOGANDO O JOGOS DOS INSCRITOS!!! #12,"Feb 26, 2024",1181,0:03:15,113,"6,1386",0,5233,"1,51"
MpApzQ91IoY,COMO CRIAR UM JOGO NO GODOT ENGINE PELO CELULAR!!! #godot #godotengine #godotmobile #shorts,"Feb 3, 2023",61,0:00:24,1380,"6,0762",8,22883,"1,51"
Rz_XK6VCUAg,VOU PUBLICAR SEUS JOGOS E APLICATIVOS NA PLAY STORE!!! - Com taxa menor,"Nov 13, 2023",625,0:00:49,434,"5,9682",8,2645,"2,27"
kCo9hZEe6dw,üí≤ QUANTO CUSTARIA PUBLICAR UM JOGO NA PLAY STORE HOJE EM 2023?,"May 22, 2023",389,0:01:31,232,"5,9114",4,2561,"1,44"
_5ATd_OEPi8,ANIMA√á√ÉO DE ANDAR NO STUDIO LITE!!! #roblox #studiolite,"Jan 9, 2026",61,0:00:18,2610,"5,7169",2,7057,"6,35"
F0z-ysYqq7o,CRIEI UM JOGO NA GODOT MOBILE EM APENAS 2 HORAS!!!,"May 9, 2024",197,0:01:05,315,"5,7028",2,9335,"1,94"
xJkBGEMLO4U,PUBLIQUEI MAIS UM JOGO NA PLAY STORE!!! - Money Cascade Challenge,"Jul 1, 2024",459,0:01:46,193,"5,6931",1,7097,"1,62"
YxaqEIjPF88,NOVA ATUALIZA√á√ÉO DA IT'S MAGIC ENGINE AGORA COM PYTHON E LUA OFICIALMENTE IMPLEMENTADOS!!!,"May 13, 2024",578,0:01:52,180,"5,6177",0,6445,"2,28"
4LyR-f48gI4,COMO CRIAR UM PLAYER EM 1¬∞ PESSOA DO ZERO EM JAVA NA IT'S MAGIC ENGINE | FAZENDO O PLAYER CORRER #4,"Sep 15, 2022",938,0:02:24,139,"5,5743",0,2911,"3,02"
aikWIPfSPC8,COMO CRIAR UM PLAYER NA THREE ENVIRONMENT!!!,"Nov 11, 2024",680,0:00:56,351,"5,5524",2,11655,"2,52"
J8h8muZeYN8,COMO FAZER TELA DE CARREGAMENTO NA IT'S MAGIC ENGINE!!!,"May 9, 2022",638,0:01:30,217,"5,4846",3,5031,"3,12"
X1X4Ya7EHs8,ESSE JOGO DE TIRO FOI CRIADO PELO CELULAR!!! [üé¨ Corte das Lives],"Oct 12, 2023",508,0:00:47,408,"5,4013",0,4733,"6,8"
5ahow5GxA_A,"AS 3 ""NOVAS"" FERRAMENTAS PARA CRIA√á√ÉO DE APLICATIVOS NATIVOS | COMO CRIAR UM APLICATIVO PELO CELULAR","Nov 30, 2020",822,0:02:40,121,"5,4012",1,1802,"4,88"
o32D43i8epc,JOGANDO O JOGOS DOS INSCRITOS!!! #11,"Dec 25, 2023",1036,0:03:11,101,"5,3733",1,4008,"1,7"
63WWnj_LmpQ,CCODE! COMO ADICIONAR V√çDEOS E SONS!!!,"Jan 31, 2022",510,0:01:42,187,"5,3415",0,2837,"4,48"
C02mUrC8_uU,COMO CRIAR UM JOGO DO ZERO NA IT'S MAGIC | CONTROLE TIROS POR SEGUNDO - ITsMagic Engine Tutorial #5,"Mar 31, 2022",672,0:01:35,196,"5,1901",0,4368,"3,11"
iW0uNjD2kWA,SISTEMA DE PULO NA GODOT MOBILE!!! #shorts #godot #godotengine,"Apr 5, 2024",53,0:00:19,1164,"5,1299",5,13616,"4,08"
YwBwC_SbpJQ,"NOVA ATUALIZA√á√ÉO DA IT'S MAGIC ENGINE COM TERRAIN V2, PISTAS E O MAIS NOVO RENDERIZADOR LITE!!!","Aug 22, 2022",781,0:02:22,128,"5,0584",1,2018,"4,21"
nDul67RF_mk,"NOVA ATUALIZA√á√ÉO DO CCODE!!! | COM PORTUGU√äS, APK, AAB E MUITO MAIS","Jan 8, 2024",552,0:01:06,269,"4,9994",1,5581,"2,24"
ma95vQABVY0,MINECRAFT EM 2D CRIADO PELO CELULAR!!! - The Craftsman,"Dec 21, 2023",453,0:00:51,350,"4,9981",4,3951,"2,89"
fjtdvQDtB74,√â MELHOR CRIAR JOGOS PELO CELULAR EM 2D OU 3D?,"Feb 2, 2023",775,0:01:33,193,"4,995",0,3122,"3,97"
IpfO6ZGOoMM,COMO USAR A DOCUMENTA√á√ÉO DA ITS MAGIC ENGINE!!! - 2024,"Feb 22, 2024",866,0:02:21,125,"4,9035",2,7827,"0,72"
j6JSTB8GOXU,O POCKET CODE √â BRINCADEIRA DE CRIAN√áA! üòù #pocketcode #shortvideo,"Aug 30, 2024",59,0:00:25,864,"4,8281",4,8114,"4,18"
Oyc7tIw2Uuk,COMO CRIAR SISTEMA PARA SAIR DO JOGO AO CLICAR NO BOT√ÉO NA IT'S MAGIC ENGINE!!!,"May 26, 2022",457,0:01:23,206,"4,7888",0,5280,"3,3"
Y04WVfgTTH0,COMO CRIAR UM SISTEMA PARA SALVAR O JOGO NA IT'S MAGIC ENGINE!!! - Save Game,"Jun 2, 2022",463,0:01:05,258,"4,6803",0,5764,"3,85"
kfigcD0srmI,NOVA ENGINE PARA CRIAR JOGOS PELO CELULAR QUE USA HTML5 E JAVASCRIPT!!! - Fov 2D #shorts #criarjogos,"May 16, 2023",49,0:00:24,829,"4,6737",0,8711,"3,67"
CtPlBQpWi3U,COMO CRIAR UM SCRIPT PARA QUANDO CLICAR NO BOT√ÉO APARECER UMA IMAGEM NA IT'S MAGIC ENGINE!!!,"Feb 23, 2023",617,0:01:21,205,"4,6138",0,4986,"2,43"
yjWFmqpt6zY,üí≤ PARA ATUALIZAR UM JOGO QUE PUBLIQUEI NA PLAY STORE TEM QUE PAGAR NOVAMENTE?,"Jul 17, 2023",434,0:01:36,172,"4,5999",3,2984,"2,38"
fada9NB5PTg,MOSTRANDO O JOGO 3D DE TERROR QUE ESTOU CRIANDO NO IT'S MAGIC!!!,"Jun 21, 2021",301,0:00:51,319,"4,5626",1,3061,"9,18"
6tdigpw-zfw,QUAL FOI O JOGO MAIS F√ÅCIL E O MAIS DIF√çCIL QUE CRIEI PELO CELULAR?,"Dec 4, 2023",847,0:02:59,91,"4,5248",0,3262,"1,72"
eQnr3KUG7vM,√â POSS√çVEL COME√áAR FACULDADE DE PROGRAMA√á√ÉO USANDO S√ì O CELULAR? - 2024,"Jan 15, 2024",672,0:02:24,112,"4,4816",2,6753,"1,24"
ptZXK2ujfoo,COMO CRIAR UMA CONTA NO IT'S MAGIC #itsmagic #itsmagicengine #shorts,"Feb 7, 2023",53,0:00:22,1092,"4,3313",2,10637,"3,16"
ETA-xIqMC3M,CRIANDO UM JOGO FPS DE ZUMBI NO IT'S MAGIC | FAZENDO O ZUMBI ANDAR E SEGUIR O PLAYER #2,"Jul 5, 2021",609,0:01:33,166,"4,2917",0,2928,"4,64"
HzsHCcbM250,ATUALIZA√á√ïES DA IT'S MAGIC ENGINE!!! (a evolu√ß√£o do aplicativo em atualiza√ß√£o),"Feb 5, 2024",944,0:01:26,178,"4,2823",1,4749,"2,44"
tOBKFLGpLfQ,[üî¥ Primeira LIVE 2024] COMECE A DESENVOLVER JOGOS PELO CELULAR!!!,"Jan 6, 2024",7450,0:02:56,87,"4,2749",1,535,"11,96"
TwRWM1u36a0,√â MELHOR CRIAR JOGOS PELO CELULAR EM 2D OU 3D? #shorts #gamedev #spiderman,"Mar 3, 2023",60,0:00:28,670,"4,2275",1,6479,"4,26"
YUtM9LG9F2I,LAN√áAMENTO DO CCODE 2!!! #shorts #ccode,"Aug 9, 2024",56,0:00:24,754,"4,1134",0,5954,"6,05"
H-JQCOQNBs0,QUAL SER√Å A LINGUAGEM DA MINHA ENGINE? #gamedev #programa√ß√£o #engine,"Aug 17, 2023",25,0:00:18,1113,"4,0895",1,10016,"4,71"
uPQiZDmip-Y,ESSE JOGO DE TERROR FOI DESENVOLVIDO NO CELULAR!!! - Bring Down The Cult,"Jun 24, 2024",336,0:01:01,238,"4,0565",1,6711,"2,61"
j2WbHn4alEQ,FIM DO CCODE! #shorts #ccode,"Jul 19, 2024",52,0:00:27,702,"3,8649",2,6172,"5,07"
N4_2ocIC5t4,RECRIANDO O STUMBLE GUYS PELO CELULAR | ADICIONANDO M√öSICA NO JOGO #2,"Jun 9, 2022",559,0:01:28,154,"3,7947",0,1812,"4,91"
OTD2FnzV4UQ,LAN√áOU!!! MEUS JOGOS J√Å EST√ÉO DISPON√çVEIS PARA DOWNLOAD NA PLAY STORY - Criados na ITsMagic Engine,"Apr 21, 2022",377,0:00:56,236,"3,7187",1,2591,"7,91"
FspGqOpzsXI,COMO COLOCAR SONS 3D NA IT'S MAGIC ENGINE - EFEITOS SONOROS,"Aug 9, 2021",311,0:01:10,191,"3,7182",2,4974,"2,85"
-ythtdx_WtQ,ATIRANDO NO ZUMBI E DANDO DANO NELE - CRIANDO UM JOGO FPS DE ZUMBI NA IT'S MAGIC,"Aug 30, 2021",610,0:01:08,188,"3,5607",0,3212,"5,11"
rSS7N7PM4vY,JOGO MULTIPLAYER ONLINE DE PLATAFORMA CRIADO PELO CELULAR!!!,"Oct 26, 2023",493,0:00:55,225,"3,4555",1,4179,"4,16"
Q-8R6HkHWts,üí• SAIU GODOT 4.3! NOVIDADES NA VERS√ÉO DE PC E DE CELULAR!!!,"Aug 19, 2024",583,0:01:17,160,"3,45",0,18112,"0,61"
Lr0IqN6LDdY,COMO CRIEI MEU JOGO MONEY CASCADE CHALLENGE PELO CELULAR!!!,"Aug 1, 2024",514,0:01:13,168,"3,4483",0,8169,"1,52"
p-MMaGf7dds,CRIANDO UM JOGO 3D DE TERROR EM UM LABIRINTO NA IT'S MAGIC ENGINE!!!,"Jun 20, 2022",356,0:01:03,195,"3,4131",0,1937,8
IoFKee87CeM,NOVA ATUALIZA√á√ÉO DO POCKET CODE - VERS√ÉO 1.2.4 #shorts,"Nov 22, 2024",51,0:00:22,683,"3,3817",1,6978,"3,93"
m_yKiwjn7Mc,FIM DO CCODE!!!,"Jul 18, 2024",413,0:00:56,212,"3,3241",1,7928,"1,72"
62OklvAArik,COMO FAZER O PLAYER MUDAR DE MUNDO AO TOCAR EM ALGUM OBJETO DO JOGO NA I'TS MAGIC ENGINE!!!,"Oct 25, 2021",482,0:01:32,129,"3,3217",0,3804,"2,47"
3aBdTU6lrS8,[üî¥ LIVE] JOGANDO E ANALISANDO OS JOGOS DOS INSCRITOS!!!,"Apr 21, 2023",7572,0:04:17,46,"3,2889",0,345,"10,72"
GiyhlrcJ2Jk,N-SPACE! UM APLICATIVO QUE CRIA JOGOS EM 3D BASEADO EM VOXEL PARA ANDROID E IOS #shorts,"Oct 11, 2024",56,0:00:25,650,"3,2403",2,6978,"3,31"
kDml3LhFE5I,VALE A PENA PUBLICAR JOGOS NA PLAY STORE PELO CELULAR? #googleplay #shorts #playstore,"Jan 26, 2024",59,0:00:42,391,"3,2401",1,2873,"5,05"
Z8c3BG1sNM8,PRIMEIRA VERS√ÉO DA GODOT ENGINE!!! - Godot 1.1 Stable #shorts #godot,"Nov 29, 2024",57,0:00:24,650,"3,2209",0,9883,"2,34"
SywGFKd2Fqo,DE ONDE O ZEE GAMEDEV √â?,"Aug 25, 2023",8,0:00:11,1834,"3,1922",1,12419,"6,76"
z2j1YfaYB6Y,AGORA PODEMOS ABRIR AS PORTAS DO MEU JOGO! | CRIANDO UM JOGO 3D DE TERROR NA IT'S MAGIC ENGINE!!!,"Jun 23, 2022",430,0:00:51,222,"3,1536",2,2464,"7,91"
rFeMSlI_49k,RECRIEI O LET'S GET READY TO BUMBLE DO GTA SAN ANDREAS NA GODOT ENGINE!!!,"Nov 4, 2024",964,0:01:09,161,"3,1274",0,11026,"0,73"
KxxNWHR8SvQ,COMO CRIAR UM MINI MAPA COM ALTA RESOLU√á√ÉO NA I'TS MAGIC ENGINE!!! (C√¢mera com imagem melhor),"Oct 7, 2021",524,0:02:00,93,"3,1165",0,3912,"1,84"
fGsFM3daQD0,JOGO VENCEDOR DA GAME JAM DA ITSMAGIC ENGINE!!! #shorts,"Dec 20, 2024",60,0:00:21,733,"3,1108",0,9419,"2,4"
OOYgf-zgevI,GDEVELOP! UMA ENGINE DE PC QUE CRIA JOGOS EM 2D E QUE AGORA EST√Å PARA CELULAR NA PLAY STORE#gdevelop,"Apr 21, 2023",51,0:00:26,635,"3,0735",1,7925,"2,28"
S0Ow2nVM19w,FOR ENGINE BETA! UM APLICATIVO QUE CRIA JOGOS PELO CELULAR EM 3D E 2D BEM PARECIDO COM A UNITY,"Apr 14, 2023",53,0:00:26,569,"3,0241",1,6029,"3,55"
hbPv84ykCK8,DOWNLOAD DO JOGO EM 2D QUE CRIEI NA GODOT MOBILE!!! - Money Cascade Challenge,"Feb 15, 2024",395,0:00:58,185,"3,0064",1,4704,"1,62"
48jtK2HnfPI,LENDO COMENT√ÅRIOS DOS MEUS JOGOS QUE EST√ÉO NA PLAY STORE!!! #1,"Mar 16, 2023",561,0:02:34,70,"3,0025",0,1583,"2,4"
ZSMNb_u8fVw,TODOS OS JOGOS QUE CRIEI PELO CELULAR DE 2021 A 2022!!!,"Jan 2, 2023",698,0:02:52,62,"2,974",0,1962,"2,19"
NTsOS5NRt-o,ESSE JOGO PARA CELULAR FOI CRIADO NA UNITY!!! - Angry Neighbor Reboot,"Jun 17, 2024",546,0:00:56,186,"2,9102",1,6769,"1,65"
TdlFvrWeK_k,8 IDEIAS DE JOGOS PARA CRIAR PELO CELULAR!!!,"Oct 16, 2023",594,0:01:35,110,"2,9094",0,3081,"2,3"
Ut4VCihXio4,A NOVA LINGUAGEM DE PROGRAMA√á√ÉO VISUAL DA IT'S MAGIC ENGINE!!! - ThermalFlow,"May 4, 2022",437,0:01:14,140,"2,8966",1,1871,"5,51"
eiXIaZGsB74,COMO CRIAR UMA MIRA DE ARMA NA I'TS MAGIC ENGINE!!!,"Oct 15, 2021",458,0:01:09,150,"2,8787",0,3866,"3,29"
zHPvn69jZt8,CRIANDO A BARRA DE VIDA COM SCRIPTS | CRIANDO UM JOGO FPS DE ZUMBI NA IT'S MAGIC #6,"Sep 6, 2021",467,0:01:29,114,"2,8357",1,2168,"4,34"
PG57wKyNb28,O JOGO MAIS TRAUMATIZANTE FEITO NA IT'S MAGIC ENGINE!!! - Kleberiano V4,"Feb 1, 2024",411,0:01:10,143,"2,7904",1,4230,"2,86"
y6S7RAIkG-U,ESTOU REFAZENDO O JOGO 3D DE TERROR QUE CRIEI AQUI NO IT'S MAGIC! #1 (Introdu√ß√£o),"Jul 12, 2021",380,0:00:41,234,"2,7189",1,2898,"7,04"
UO14mU3fDNA,CRIANDO UM JOGO DE PLATAFORMA 2D PELO CELULAR NUMA ENGINE QUE VOC√ä NUNCA VIU! - Blox 2D Game Maker,"Jan 26, 2023",776,0:01:03,154,"2,715",0,1978,"5,11"
UP0Oo6A2A3Q,COMO ADICIONAR E MANIPULAR FILTROS NA IT'S MAGIC ENGINE!!!,"Nov 3, 2022",559,0:01:35,102,"2,7109",1,4333,"2,01"
G6wULBJsgko,VOU CRIAR UMA NOVA ENGINE PARA CELULAR?? - [üé¨ Corte das Lives],"Jun 29, 2023",422,0:00:49,192,"2,6325",0,3296,"4,98"
CqsuswkfeA0,COLET√ÇNEA DE TODOS OS JOGOS DOS INSCRITOS!!! - 2021 a 2023 (mais de 50 jogos),"Jan 29, 2024",7934,0:03:33,44,"2,6066",0,3261,"0,71"
_uM8ON04JDw,√â NECESS√ÅRIO TER TECLADO E MOUSE PARA USAR A GODOT NO CELULAR? #shorts #godot #godotengine,"Apr 23, 2024",53,0:00:28,430,"2,6001",1,4878,"3,05"
Q4yW9pz5s1o,üí• NOVA ATUALIZA√á√ÉO DA GODOT MOBILE!!! - Vers√£o 4.2 e 4.3 Dev 1,"Jan 22, 2024",884,0:01:40,92,"2,5666",0,12507,"0,5"
e-msqN6Oe5o,COMO CRIAR UM JOGO NO CELULAR E PUBLICAR NA PLAY STORE!!! #criarjogos #gamedev #shorts,"Jan 24, 2023",51,0:00:23,530,"2,5604",3,4421,"3,85"
ks3csgwIJIg,RECRIANDO O STUMBLE GUYS PELO CELULAR | COLOCANDO TEXTURA NA SKIN DO JOGO E NOME NOS MAPAS #4,"Jun 16, 2022",451,0:01:29,102,"2,5448",0,2009,"3,24"
-qcz9iqSHPg,O ANTES E DEPOIS DO MEU JOGO SALTO Z!!!,"Dec 14, 2023",554,0:01:40,90,"2,5177",0,3035,"1,94"
uIl58ihGVpU,"üí• NOVA ATUALIZA√á√ÉO DA GODOT ENGINE MOBILE COM JOYSTICK NA √ÅREA 3D, ZOOM E BUGS RESOLVIDOS! - Godot 4","Feb 13, 2023",833,0:00:52,170,"2,4849",0,9810,"0,76"
jlBB_onzoro,UM DOS MELHORES JOGOS DO GAME CREATOR!!! (v√≠deo de 2021),"May 16, 2024",534,0:01:09,126,"2,4431",1,5719,"1,71"
sutK5_tnNbw,COMO CRIAR UM APLICATIVO PELO CELULAR | COMO CRIAR UM APLICATIVO DE QR CODE - Kodular Criar App,"Feb 22, 2021",902,0:01:45,83,"2,4302",0,1133,"4,32"
dFI6Taid4Rw,CRIANDO UM JOGO FPS DE ZUMBI NO IT'S MAGIC | ZUMBI ATACANDO O PLAYER #3,"Jul 8, 2021",733,0:01:27,100,"2,4298",0,2415,"3,35"
ls982Q4Np0w,A ITS MAGIC ENGINE √â MELHOR QUE A GODOT MOBILE!!! - [üé¨ Corte das Lives],"Jul 6, 2023",387,0:00:55,158,"2,4211",0,2496,"5,09"
GyYLsJcuBGA,[üî¥ LIVE] AVALIANDO SEU JOGO CRIADO PELO CELULAR!!!,"Apr 20, 2024",7227,0:06:51,21,"2,3995",0,486,"3,09"
ckdURo-Szyc,JULIAN'S EDITOR! UM APLICATIVO QUE CRIA JOGOS EM 2D PELO CELULAR #shorts #jogos #julianseditor,"Apr 11, 2023",49,0:00:26,457,"2,3542",2,4340,"2,6"
6XnyQmxrFSg,COMO FAZER UM AVATAR DO AMONG US PELO CELULAR - Among US Maker,"Dec 11, 2020",423,0:00:58,144,"2,3331",0,903,"3,99"
CB7oT0Q1b2s,RECRIANDO O STUMBLE GUYS PELO CELULAR | TROCANDO AS ROUPAS DO PERSONAGEM #5,"Jul 4, 2022",512,0:01:11,115,"2,2697",0,1935,"4,81"
SK9b27fbBUo,QUAL ENGINE EU USARIA NO COMPUTADOR?,"Aug 6, 2023",38,0:00:23,540,"2,2577",1,6796,"3,19"
m87QQr7i3Uw,COMO CRIEI O MEU JOGO SALTO Z PELO CELULAR?,"Feb 29, 2024",532,0:00:53,147,"2,1929",0,5148,"2,39"
1ihf_qRPhDE,Como colocar aranha medonha na tela do celular,"Jan 1, 2018",182,0:00:26,292,"2,1732",1,2002,"12,79"
gHbWiSn08dU,COMO CRIAR UM SISTEMA DE ABRIR E FECHAR PORTAS NA I'TS MAGIC ENGINE | SCRIPT DE ABRIR PORTAS EM JAVA,"Jan 20, 2022",403,0:00:52,147,"2,1522",0,3532,"2,49"
w0O96TyqRn8,NOVA IDE PARA CRIAR JOGOS EM 3D PELO CELULAR!!! #shorts,"Oct 4, 2024",59,0:00:25,403,"2,1302",0,4202,"1,81"